url,url_length,domain_length,path_length,query_length,fragment_length,subdomain_count,special_char_count,digit_count,letter_count,suspicious_words_count,ip_in_domain,shortened_url,suspicious_tld,domain_age_days,ssl_certificate,redirect_count,suspicious_extension,url_depth,avg_word_length,entropy,suspicious_patterns,label
http://www.linkedin.com/products,32,8,9,0,0,1,6,0,26,0,0,0,0,0,0,0,0,1,5.2,4.116729296672174,0,0
https://www.apple.com/news?id=459,33,5,5,6,0,1,8,3,22,0,0,0,0,0,1,0,0,1,3.6666666666666665,4.27137063437885,0,0
https://www.slack.com/blog,26,5,5,0,0,1,6,0,20,0,0,0,0,0,1,0,0,1,4.0,3.8731406795131327,0,0
http://www.google.com/login,27,6,6,0,0,1,6,0,21,1,0,0,0,0,0,0,0,1,4.2,3.708048150071232,0,0
http://www.stackoverflow.com/help,33,13,5,0,0,1,6,0,27,0,0,0,0,0,0,0,0,1,5.4,4.0060710131011685,0,0
https://www.salesforce.com/login,32,10,6,0,0,1,6,0,26,1,0,0,0,0,1,0,0,1,5.2,4.093139062229566,0,0
https://www.microsoft.com/login,31,9,6,0,0,1,6,0,25,1,0,0,0,0,1,0,0,1,5.0,3.9134007456613777,0,0
http://www.youtube.com/login?id=838,35,7,6,6,0,1,8,3,24,1,0,0,0,0,0,0,0,1,4.0,4.3572958738405685,0,0
https://www.oracle.com/news,27,6,5,0,0,1,6,0,21,0,0,0,0,0,1,0,0,1,4.2,3.838039816898156,0,0
http://www.wikipedia.org/support,32,9,8,0,0,1,6,0,26,0,0,0,0,0,0,0,0,1,5.2,3.8667292966721747,0,0
http://www.ibm.com/support?lang=875,35,3,8,8,0,1,8,3,24,0,0,0,0,0,0,0,0,1,4.0,4.414438730983425,0,0
https://www.apple.com/terms,27,5,6,0,0,1,6,0,21,0,0,0,0,0,1,0,0,1,4.2,3.754163427768882,0,0
http://www.oracle.com/news,26,6,5,0,0,1,6,0,20,0,0,0,0,0,0,0,0,1,4.0,3.8252517372886503,0,0
http://www.twitter.com/terms,28,7,6,0,0,1,6,0,22,0,0,0,0,0,0,0,0,1,4.4,3.512188403968661,0,0
https://www.github.com/help?category=31,39,6,5,11,0,1,8,2,29,0,0,0,0,0,1,0,0,1,4.833333333333333,4.406821128952238,0,0
http://www.ibm.com?ref=943,26,3,0,7,0,1,7,3,16,0,0,0,0,0,0,0,0,0,3.2,4.2098671219040344,0,0
https://www.zoom.us/?category=978,33,4,1,12,0,1,8,3,22,0,0,0,0,0,1,0,0,0,4.4,4.346831997884095,0,0
https://www.oracle.com/privacy,30,6,8,0,0,1,6,0,24,0,0,0,0,0,1,0,0,1,4.8,4.031401845392171,0,0
http://www.wikipedia.org/contact,32,9,8,0,0,1,6,0,26,0,0,0,0,0,0,0,0,1,5.2,3.890319531114783,0,0
https://www.linkedin.com/download,33,8,9,0,0,1,6,0,27,0,0,0,0,0,1,0,0,1,5.4,3.98319563424773,0,0
http://www.twitter.com/terms,28,7,6,0,0,1,6,0,22,0,0,0,0,0,0,0,0,1,4.4,3.512188403968661,0,0
https://www.adobe.com/download?ref=252,38,5,9,7,0,1,8,3,27,0,0,0,0,0,1,0,0,1,4.5,4.313459750171824,0,0
http://www.facebook.com/blog,28,8,5,0,0,1,6,0,22,0,0,0,0,0,0,0,0,1,4.4,3.8962915290459277,0,0
http://www.salesforce.com,25,10,0,0,0,1,5,0,20,0,0,0,0,0,0,0,0,0,5.0,3.893660689688185,0,0
https://www.salesforce.com/services,35,10,9,0,0,1,6,0,29,0,0,0,0,0,1,0,0,1,5.8,3.9328743603470446,0,0
http://www.twitter.com/privacy,30,7,8,0,0,1,6,0,24,0,0,0,0,0,0,0,0,1,4.8,3.7614063297218427,0,0
http://www.netflix.com,22,7,0,0,0,1,5,0,17,0,0,0,0,0,0,0,0,0,4.25,3.845350936622435,0,0
https://www.adobe.com/?lang=208,31,5,1,8,0,1,8,3,20,0,0,0,0,0,1,0,0,0,4.0,4.389364858634393,0,0
http://www.github.com/login?page=126,36,6,6,8,0,1,8,3,25,1,0,0,0,0,0,0,0,1,4.166666666666667,4.363826390090814,0,0
http://www.salesforce.com/terms,31,10,6,0,0,1,6,0,25,0,0,0,0,0,0,0,0,1,5.0,3.8646983261669603,0,0
https://www.dropbox.com/help,28,7,5,0,0,1,6,0,22,0,0,0,0,0,1,0,0,1,4.4,3.9137995646056796,0,0
http://www.github.com/contact,29,6,8,0,0,1,6,0,23,0,0,0,0,0,0,0,0,1,4.6,3.7588670992335302,0,0
http://www.ibm.com/support,26,3,8,0,0,1,6,0,20,0,0,0,0,0,0,0,0,1,4.0,3.7381493331928657,0,0
http://www.slack.com/products?category=509,42,5,9,12,0,1,8,3,31,0,0,0,0,0,0,0,0,1,5.166666666666667,4.433634982148037,0,0
https://www.apple.com/help?ref=294,34,5,5,7,0,1,8,3,23,0,0,0,0,0,1,0,0,1,3.8333333333333335,4.1973257087065035,0,0
https://www.ibm.com/help,24,3,5,0,0,1,6,0,18,0,0,0,0,0,1,0,0,1,3.6,3.772055208874201,0,0
https://www.wikipedia.org/about,31,9,6,0,0,1,6,0,25,0,0,0,0,0,1,0,0,1,5.0,3.9779168746936358,0,0
https://www.zoom.us,19,4,0,0,0,1,5,0,14,0,0,0,0,0,1,0,0,0,3.5,3.471354487013929,0,0
http://www.netflix.com/news,27,7,5,0,0,1,6,0,21,0,0,0,0,0,0,0,0,1,4.2,3.8841550945958057,0,0
https://www.twitter.com/products?category=268,45,7,9,12,0,1,8,3,34,0,0,0,0,0,1,0,0,1,5.666666666666667,4.27694121937285,0,0
https://www.facebook.com/privacy,32,8,8,0,0,1,6,0,26,0,0,0,0,0,1,0,0,1,5.2,4.155639062229566,0,0
https://www.youtube.com/products,32,7,9,0,0,1,6,0,26,0,0,0,0,0,1,0,0,1,5.2,3.9056390622295662,0,0
https://www.zoom.us/products?page=590,37,4,9,8,0,1,8,3,26,0,0,0,0,0,1,0,0,1,4.333333333333333,4.330282419332173,0,0
https://www.adobe.com/privacy,29,5,8,0,0,1,6,0,23,0,0,0,0,0,1,0,0,1,4.6,4.116264615668023,0,0
https://www.spotify.com/news,28,7,5,0,0,1,6,0,22,0,0,0,0,0,1,0,0,1,4.4,3.7979026896829473,0,0
https://www.microsoft.com/,26,9,1,0,0,1,6,0,20,0,0,0,0,0,1,0,0,0,5.0,3.661226256269789,0,0
https://www.salesforce.com/services,35,10,9,0,0,1,6,0,29,0,0,0,0,0,1,0,0,1,5.8,3.9328743603470446,0,0
http://www.microsoft.com/terms,30,9,6,0,0,1,6,0,24,0,0,0,0,0,0,0,0,1,4.8,3.7395722619867224,0,0
https://www.dropbox.com/contact,31,7,8,0,0,1,6,0,25,0,0,0,0,0,1,0,0,1,5.0,3.8488846166291193,0,0
http://www.zoom.us/login,24,4,6,0,0,1,6,0,18,1,0,0,0,0,0,0,0,1,3.6,3.8239348962840563,0,0
http://www.zoom.us/support,26,4,8,0,0,1,6,0,20,0,0,0,0,0,0,0,0,1,4.0,3.555269044648117,0,0
https://www.ibm.com,19,3,0,0,0,1,5,0,14,0,0,0,0,0,1,0,0,0,3.5,3.5766176449086653,0,0
http://www.adobe.com?category=968,33,5,0,12,0,1,7,3,23,0,0,0,0,0,0,0,0,0,4.6,4.309101316131472,0,0
http://www.youtube.com/terms,28,7,6,0,0,1,6,0,22,0,0,0,0,0,0,0,0,1,4.4,3.8248629576173565,0,0
http://www.twitter.com/contact?id=145,37,7,8,6,0,1,8,3,26,0,0,0,0,0,0,0,0,1,4.333333333333333,4.0429328397173245,0,0
http://www.github.com/privacy,29,6,8,0,0,1,6,0,23,0,0,0,0,0,0,0,0,1,4.6,4.021268494903765,0,0
http://www.netflix.com/,23,7,1,0,0,1,6,0,17,0,0,0,0,0,0,0,0,0,4.25,3.8164027166443875,0,0
https://www.twitter.com/services,32,7,9,0,0,1,6,0,26,0,0,0,0,0,1,0,0,1,5.2,3.691428031846024,0,0
http://www.apple.com/privacy,28,5,8,0,0,1,6,0,22,0,0,0,0,0,0,0,0,1,4.4,3.8962915290459277,0,0
http://www.dropbox.com/blog?id=833,34,7,5,6,0,1,8,3,23,0,0,0,0,0,0,0,0,1,3.8333333333333335,4.219528282299547,0,0
http://www.twitter.com?category=787,35,7,0,12,0,1,7,3,25,0,0,0,0,0,0,0,0,0,5.0,4.057575159678481,0,0
https://www.apple.com/download,30,5,9,0,0,1,6,0,24,0,0,0,0,0,1,0,0,1,4.8,3.8314018453921714,0,0
http://www.linkedin.com/blog,28,8,5,0,0,1,6,0,22,0,0,0,0,0,0,0,0,1,4.4,4.039148671903072,0,0
https://www.netflix.com/contact,31,7,8,0,0,1,6,0,25,0,0,0,0,0,1,0,0,1,5.0,3.92599298842148,0,0
http://www.linkedin.com/blog,28,8,5,0,0,1,6,0,22,0,0,0,0,0,0,0,0,1,4.4,4.039148671903072,0,0
https://www.adobe.com/terms,27,5,6,0,0,1,6,0,21,0,0,0,0,0,1,0,0,1,4.2,3.85619629821938,0,0
http://www.netflix.com/privacy,30,7,8,0,0,1,6,0,24,0,0,0,0,0,0,0,0,1,4.8,4.164735178725505,0,0
http://www.wikipedia.org/contact,32,9,8,0,0,1,6,0,26,0,0,0,0,0,0,0,0,1,5.2,3.890319531114783,0,0
http://www.spotify.com/services,31,7,9,0,0,1,6,0,25,0,0,0,0,0,0,0,0,1,5.0,3.953565664946427,0,0
https://www.dropbox.com/news,28,7,5,0,0,1,6,0,22,0,0,0,0,0,1,0,0,1,4.4,3.8962915290459277,0,0
https://www.netflix.com/about?id=391,36,7,6,6,0,1,8,3,25,0,0,0,0,0,1,0,0,1,4.166666666666667,4.516875695766562,0,0
https://www.zoom.us/login,25,4,6,0,0,1,6,0,19,1,0,0,0,0,1,0,0,1,3.8,3.8332696895151073,0,0
http://www.google.com/terms,27,6,6,0,0,1,6,0,21,0,0,0,0,0,0,0,0,1,4.2,3.7541634277688813,0,0
https://www.github.com/help,27,6,5,0,0,1,6,0,21,0,0,0,0,0,1,0,0,1,4.2,3.90231157591703,0,0
https://www.apple.com/,22,5,1,0,0,1,6,0,16,0,0,0,0,0,1,0,0,0,4.0,3.629219686524096,0,0
http://www.adobe.com/contact?category=707,41,5,8,12,0,1,8,3,30,0,0,0,0,0,0,0,0,1,5.0,4.1898860782540055,0,0
https://www.netflix.com/download?ref=646,40,7,9,7,0,1,8,3,29,0,0,0,0,0,1,0,0,1,4.833333333333333,4.415311532225102,0,0
http://www.netflix.com/about?category=332,41,7,6,12,0,1,8,3,30,0,0,0,0,0,0,0,0,1,5.0,4.482569005083273,0,0
http://www.twitter.com/support?id=957,37,7,8,6,0,1,8,3,26,0,0,0,0,0,0,0,0,1,4.333333333333333,4.100816878908575,0,0
https://www.microsoft.com/services,34,9,9,0,0,1,6,0,28,0,0,0,0,0,1,0,0,1,5.6,3.8588029144615947,0,0
http://www.wikipedia.org,24,9,0,0,0,1,5,0,19,0,0,0,0,0,0,0,0,0,4.75,3.7201755214643453,0,0
http://www.adobe.com/,21,5,1,0,0,1,6,0,15,0,0,0,0,0,0,0,0,0,3.75,3.6537567082870006,0,0
https://www.spotify.com/signup,30,7,7,0,0,1,6,0,24,0,0,0,0,0,1,0,0,1,4.8,3.9144093452479405,0,0
http://www.apple.com/,21,5,1,0,0,1,6,0,15,0,0,0,0,0,0,0,0,0,3.75,3.5225715891363594,0,0
http://www.salesforce.com?page=339,34,10,0,8,0,1,7,3,24,0,0,0,0,0,0,0,0,0,4.8,4.278351811711311,0,0
https://www.stackoverflow.com/about?ref=446,43,13,6,7,0,1,8,3,32,0,0,0,0,0,1,0,0,1,5.333333333333333,4.385453417442482,0,0
https://www.linkedin.com/terms,30,8,6,0,0,1,6,0,24,0,0,0,0,0,1,0,0,1,4.8,4.031401845392171,0,0
https://www.github.com/contact,30,6,8,0,0,1,6,0,24,0,0,0,0,0,1,0,0,1,4.8,3.8444138295776114,0,0
http://www.github.com/services,30,6,9,0,0,1,6,0,24,0,0,0,0,0,0,0,0,1,4.8,4.031401845392171,0,0
https://www.slack.com/blog,26,5,5,0,0,1,6,0,20,0,0,0,0,0,1,0,0,1,4.0,3.8731406795131327,0,0
https://www.spotify.com/terms,29,7,6,0,0,1,6,0,23,0,0,0,0,0,1,0,0,1,4.6,3.8143719431796277,0,0
http://www.slack.com/news,25,5,5,0,0,1,6,0,19,0,0,0,0,0,0,0,0,1,3.8,3.813660689688185,0,0
http://www.oracle.com/login?ref=1000,36,6,6,8,0,1,8,4,24,1,0,0,0,0,0,0,0,1,4.0,4.308270834535259,0,0
http://www.twitter.com/download?category=691,44,7,9,12,0,1,8,3,33,0,0,0,0,0,0,0,0,1,5.5,4.280470187252587,0,0
http://www.youtube.com,22,7,0,0,0,1,5,0,17,0,0,0,0,0,0,0,0,0,4.25,3.663532754804254,0,0
http://www.linkedin.com/login,29,8,6,0,0,1,6,0,23,1,0,0,0,0,0,0,0,1,4.6,3.9262723741395074,0,0
https://www.google.com/contact,30,6,8,0,0,1,6,0,24,0,0,0,0,0,1,0,0,1,4.8,3.7647351787255054,0,0
https://www.youtube.com/contact?id=339,38,7,8,6,0,1,8,3,27,0,0,0,0,0,1,0,0,1,4.5,4.284001448099094,0,0
http://www.wikipedia.org/signup?ref=457,39,9,7,7,0,1,8,3,28,0,0,0,0,0,0,0,0,1,4.666666666666667,4.37489516746925,0,0
http://www.microsoft.com/login,30,9,6,0,0,1,6,0,24,1,0,0,0,0,0,0,0,1,4.8,3.8980685120588388,0,0
http://www.linkedin.com/,24,8,1,0,0,1,6,0,18,0,0,0,0,0,0,0,0,0,4.5,3.855388542207534,0,0
https://www.apple.com/products?category=759,43,5,9,12,0,1,8,3,32,0,0,0,0,0,1,0,0,1,5.333333333333333,4.379298475431077,0,0
https://www.wikipedia.org/?ref=94,33,9,1,6,0,1,8,2,23,0,0,0,0,0,1,0,0,0,4.6,4.2107645737727895,0,0
http://www.oracle.com/terms,27,6,6,0,0,1,6,0,21,0,0,0,0,0,0,0,0,1,4.2,3.782122224145306,0,0
https://www.microsoft.com/terms,31,9,6,0,0,1,6,0,25,0,0,0,0,0,1,0,0,1,5.0,3.735666068102444,0,0
http://www.youtube.com/terms,28,7,6,0,0,1,6,0,22,0,0,0,0,0,0,0,0,1,4.4,3.8248629576173565,0,0
https://www.apple.com/blog,26,5,5,0,0,1,6,0,20,0,0,0,0,0,1,0,0,1,4.0,3.8441065448145375,0,0
http://www.twitter.com/login,28,7,6,0,0,1,6,0,22,1,0,0,0,0,0,0,0,1,4.4,3.7229074943218796,0,0
http://www.ibm.com/privacy,26,3,8,0,0,1,6,0,20,0,0,0,0,0,0,0,0,1,4.0,3.8731406795131322,0,0
http://www.slack.com/support,28,5,8,0,0,1,6,0,22,0,0,0,0,0,0,0,0,1,4.4,3.842370993177109,0,0
https://www.stackoverflow.com/support?id=371,44,13,8,6,0,1,8,3,33,0,0,0,0,0,1,0,0,1,5.5,4.453416561671606,0,0
https://www.microsoft.com/terms,31,9,6,0,0,1,6,0,25,0,0,0,0,0,1,0,0,1,5.0,3.735666068102444,0,0
https://www.google.com/products?ref=559,39,6,9,7,0,1,8,3,28,0,0,0,0,0,1,0,0,1,4.666666666666667,4.304257026388135,0,0
https://www.microsoft.com/blog,30,9,5,0,0,1,6,0,24,0,0,0,0,0,1,0,0,1,4.8,3.8980685120588388,0,0
https://www.netflix.com/privacy,31,7,8,0,0,1,6,0,25,0,0,0,0,0,1,0,0,1,5.0,4.235981390822668,0,0
http://www.ibm.com/privacy,26,3,8,0,0,1,6,0,20,0,0,0,0,0,0,0,0,1,4.0,3.8731406795131322,0,0
https://www.oracle.com/signup,29,6,7,0,0,1,6,0,23,0,0,0,0,0,1,0,0,1,4.6,4.1162646156680225,0,0
http://www.facebook.com/blog,28,8,5,0,0,1,6,0,22,0,0,0,0,0,0,0,0,1,4.4,3.8962915290459277,0,0
https://www.twitter.com/about?category=576,42,7,6,12,0,1,8,3,31,0,0,0,0,0,1,0,0,1,5.166666666666667,4.269430292808995,0,0
http://www.amazon.com/terms?page=378,36,6,6,8,0,1,8,3,25,0,0,0,0,0,0,0,0,1,4.166666666666667,4.287301737252941,0,0
http://www.twitter.com/contact,30,7,8,0,0,1,6,0,24,0,0,0,0,0,0,0,0,1,4.8,3.5348486136508463,0,0
http://www.dropbox.com/services?page=797,40,7,9,8,0,1,8,3,29,0,0,0,0,0,0,0,0,1,4.833333333333333,4.427567157116928,0,0
http://www.netflix.com/services,31,7,9,0,0,1,6,0,25,0,0,0,0,0,0,0,0,1,5.0,4.082597923010943,0,0
http://www.google.com/contact,29,6,8,0,0,1,6,0,23,0,0,0,0,0,0,0,0,1,4.6,3.676440908696869,0,0
https://www.netflix.com/support?ref=399,39,7,8,7,0,1,8,3,28,0,0,0,0,0,1,0,0,1,4.666666666666667,4.355539077670187,0,0
https://www.zoom.us/privacy,27,4,8,0,0,1,6,0,21,0,0,0,0,0,1,0,0,1,4.2,4.032303242743954,0,0
https://www.ibm.com/login,25,3,6,0,0,1,6,0,19,1,0,0,0,0,1,0,0,1,3.8,3.8634651896016465,0,0
http://www.google.com,21,6,0,0,0,1,5,0,16,0,0,0,0,0,0,0,0,0,4.0,3.5585186130489057,0,0
https://www.amazon.com/help,27,6,5,0,0,1,6,0,21,0,0,0,0,0,1,0,0,1,4.2,3.8841550945958048,0,0
https://www.slack.com/help?lang=575,35,5,5,8,0,1,8,3,24,0,0,0,0,0,1,0,0,1,4.0,4.264578373902382,0,0
http://www.zoom.us/contact,26,4,8,0,0,1,6,0,20,0,0,0,0,0,0,0,0,1,4.0,3.6902603909683838,0,0
https://www.linkedin.com/about,30,8,6,0,0,1,6,0,24,0,0,0,0,0,1,0,0,1,4.8,4.164735178725505,0,0
https://www.oracle.com/about,28,6,6,0,0,1,6,0,22,0,0,0,0,0,1,0,0,1,4.4,3.91379956460568,0,0
https://www.google.com/login,28,6,6,0,0,1,6,0,22,1,0,0,0,0,1,0,0,1,4.4,3.7979026896829464,0,0
http://www.apple.com/news?lang=311,34,5,5,8,0,1,8,3,23,0,0,0,0,0,0,0,0,1,3.8333333333333335,4.160704752887782,0,0
http://www.slack.com/products,29,5,9,0,0,1,6,0,23,0,0,0,0,0,0,0,0,1,4.6,3.926272374139508,0,0
http://www.apple.com/terms,26,5,6,0,0,1,6,0,20,0,0,0,0,0,0,0,0,1,4.0,3.7381493331928657,0,0
https://www.google.com/products?lang=122,40,6,9,8,0,1,8,3,29,0,0,0,0,0,1,0,0,1,4.833333333333333,4.346439344671015,0,0
https://www.microsoft.com,25,9,0,0,0,1,5,0,20,0,0,0,0,0,1,0,0,0,5.0,3.673269689515108,0,0
https://www.facebook.com/help,29,8,5,0,0,1,6,0,23,0,0,0,0,0,1,0,0,1,4.6,3.9523029776623857,0,0
https://www.netflix.com/support,31,7,8,0,0,1,6,0,25,0,0,0,0,0,1,0,0,1,5.0,4.042433003725894,0,0
https://www.youtube.com,23,7,0,0,0,1,5,0,18,0,0,0,0,0,1,0,0,0,4.5,3.7622673906514947,0,0
https://www.youtube.com/login?lang=369,38,7,6,8,0,1,8,3,27,1,0,0,0,0,1,0,0,1,4.5,4.484255144794799,0,0
http://www.google.com/download?lang=205,39,6,9,8,0,1,8,3,28,0,0,0,0,0,0,0,0,1,4.666666666666667,4.1604200911461655,0,0
https://www.zoom.us/support,27,4,8,0,0,1,6,0,21,0,0,0,0,0,1,0,0,1,4.2,3.5500976868678835,0,0
https://www.microsoft.com/news,30,9,5,0,0,1,6,0,24,0,0,0,0,0,1,0,0,1,4.8,3.8062389286533893,0,0
http://www.spotify.com/signup,29,7,7,0,0,1,6,0,23,0,0,0,0,0,0,0,0,1,4.6,3.9262723741395082,0,0
https://www.apple.com/services?lang=184,39,5,9,8,0,1,8,3,28,0,0,0,0,0,1,0,0,1,4.666666666666667,4.419391000636162,0,0
http://www.ibm.com/products?page=137,36,3,9,8,0,1,8,3,25,0,0,0,0,0,0,0,0,1,4.166666666666667,4.4193819456463705,0,0
http://www.stackoverflow.com/contact?page=162,45,13,8,8,0,1,8,3,34,0,0,0,0,0,0,0,0,1,5.666666666666667,4.355866085690481,0,0
https://www.netflix.com/about,29,7,6,0,0,1,6,0,23,0,0,0,0,0,1,0,0,1,4.6,4.116264615668023,0,0
https://www.adobe.com/support,29,5,8,0,0,1,6,0,23,0,0,0,0,0,1,0,0,1,4.6,3.90024177061663,0,0
https://www.spotify.com/support,31,7,8,0,0,1,6,0,25,0,0,0,0,0,1,0,0,1,5.0,3.7600172778496526,0,0
https://www.spotify.com?page=209,32,7,0,8,0,1,7,3,22,0,0,0,0,0,1,0,0,0,4.4,4.304229296672174,0,0
http://www.salesforce.com,25,10,0,0,0,1,5,0,20,0,0,0,0,0,0,0,0,0,5.0,3.893660689688185,0,0
http://www.microsoft.com/services,33,9,9,0,0,1,6,0,27,0,0,0,0,0,0,0,0,1,5.4,3.876838815934793,0,0
https://www.spotify.com/help,28,7,5,0,0,1,6,0,22,0,0,0,0,0,1,0,0,1,4.4,3.842370993177109,0,0
http://www.google.com/,22,6,1,0,0,1,6,0,16,0,0,0,0,0,0,0,0,0,4.0,3.538310595615006,0,0
https://www.apple.com/privacy?category=529,42,5,8,12,0,1,8,3,31,0,0,0,0,0,1,0,0,1,5.166666666666667,4.3976879582354895,0,0
https://www.zoom.us/signup?ref=496,34,4,7,7,0,1,8,3,23,0,0,0,0,0,1,0,0,1,3.8333333333333335,4.373796296941798,0,0
http://www.zoom.us/terms,24,4,6,0,0,1,6,0,18,0,0,0,0,0,0,0,0,1,3.6,3.6572682296173893,0,0
http://www.github.com/support,29,6,8,0,0,1,6,0,23,0,0,0,0,0,0,0,0,1,4.6,3.8143719431796277,0,0
http://www.dropbox.com/about,28,7,6,0,0,1,6,0,22,0,0,0,0,0,0,0,0,1,4.4,3.7979026896829473,0,0
http://www.oracle.com/products,30,6,9,0,0,1,6,0,24,0,0,0,0,0,0,0,0,1,4.8,3.9144093452479405,0,0
https://www.salesforce.com/download,35,10,9,0,0,1,6,0,29,0,0,0,0,0,1,0,0,1,5.8,4.000432302535624,0,0
http://www.microsoft.com/privacy,32,9,8,0,0,1,6,0,26,0,0,0,0,0,0,0,0,1,5.2,3.944548827786958,0,0
http://www.zoom.us/support,26,4,8,0,0,1,6,0,20,0,0,0,0,0,0,0,0,1,4.0,3.555269044648117,0,0
http://www.google.com/products?category=787,43,6,9,12,0,1,8,3,32,0,0,0,0,0,0,0,0,1,5.333333333333333,4.295353348118593,0,0
http://www.zoom.us/services,27,4,9,0,0,1,6,0,21,0,0,0,0,0,0,0,0,1,4.2,3.9302703722934544,0,0
http://www.apple.com/signup,27,5,7,0,0,1,6,0,21,0,0,0,0,0,0,0,0,1,4.2,3.95822916866988,0,0
https://www.spotify.com/download,32,7,9,0,0,1,6,0,26,0,0,0,0,0,1,0,0,1,5.2,3.952819531114783,0,0
http://www.facebook.com/help,28,8,5,0,0,1,6,0,22,0,0,0,0,0,0,0,0,1,4.4,3.869331261111518,0,0
https://www.wikipedia.org/products?page=111,43,9,9,8,0,1,8,3,32,0,0,0,0,0,1,0,0,1,5.333333333333333,4.239763591710147,0,0
https://www.salesforce.com/blog,31,10,5,0,0,1,6,0,25,0,0,0,0,0,1,0,0,1,5.0,4.018081793978685,0,0
https://www.wikipedia.org/privacy,33,9,8,0,0,1,6,0,27,0,0,0,0,0,1,0,0,1,5.4,4.028946391954607,0,0
https://www.adobe.com/services,30,5,9,0,0,1,6,0,24,0,0,0,0,0,1,0,0,1,4.8,4.0062389286533895,0,0
http://www.zoom.us/blog,23,4,5,0,0,1,6,0,17,0,0,0,0,0,0,0,0,1,3.4,3.7294461949052566,0,0
https://www.dropbox.com/contact?id=520,38,7,8,6,0,1,8,3,27,0,0,0,0,0,1,0,0,1,4.5,4.293594289588576,0,0
http://www.netflix.com/products,31,7,9,0,0,1,6,0,25,0,0,0,0,0,0,0,0,1,5.0,4.1313003425053605,0,0
http://www.facebook.com/blog?lang=517,37,8,5,8,0,1,8,3,26,0,0,0,0,0,0,0,0,1,4.333333333333333,4.357837824971467,0,0
http://www.netflix.com/,23,7,1,0,0,1,6,0,17,0,0,0,0,0,0,0,0,0,4.25,3.8164027166443875,0,0
https://www.wikipedia.org,25,9,0,0,0,1,5,0,20,0,0,0,0,0,1,0,0,0,5.0,3.813660689688185,0,0
https://www.linkedin.com/terms,30,8,6,0,0,1,6,0,24,0,0,0,0,0,1,0,0,1,4.8,4.031401845392171,0,0
https://www.wikipedia.org/products,34,9,9,0,0,1,6,0,28,0,0,0,0,0,1,0,0,1,5.6,3.9986525468781666,0,0
http://www.youtube.com/privacy,30,7,8,0,0,1,6,0,24,0,0,0,0,0,0,0,0,1,4.8,4.031401845392171,0,0
https://www.netflix.com/about,29,7,6,0,0,1,6,0,23,0,0,0,0,0,1,0,0,1,4.6,4.116264615668023,0,0
https://www.facebook.com/login,30,8,6,0,0,1,6,0,24,1,0,0,0,0,1,0,0,1,4.8,4.123231428797621,0,0
https://www.salesforce.com/login,32,10,6,0,0,1,6,0,26,1,0,0,0,0,1,0,0,1,5.2,4.093139062229566,0,0
http://www.twitter.com/signup?id=38,35,7,7,5,0,1,8,2,25,0,0,0,0,0,0,0,0,1,4.166666666666667,4.183014003266,0,0
https://www.dropbox.com/signup,30,7,7,0,0,1,6,0,24,0,0,0,0,0,1,0,0,1,4.8,4.072905595320056,0,0
https://www.facebook.com/services,33,8,9,0,0,1,6,0,27,0,0,0,0,0,1,0,0,1,5.4,4.058656997752975,0,0
https://www.apple.com/news,26,5,5,0,0,1,6,0,20,0,0,0,0,0,1,0,0,1,4.0,3.719294525666979,0,0
https://www.zoom.us/download,28,4,9,0,0,1,6,0,22,0,0,0,0,0,1,0,0,1,4.4,3.7803946541231945,0,0
https://www.salesforce.com/help,31,10,5,0,0,1,6,0,25,0,0,0,0,0,1,0,0,1,5.0,3.889049535914169,0,0
http://www.adobe.com/support,28,5,8,0,0,1,6,0,22,0,0,0,0,0,0,0,0,1,4.4,3.8868392966712704,0,0
https://www.apple.com/contact,29,5,8,0,0,1,6,0,23,0,0,0,0,0,1,0,0,1,4.6,3.71937582241537,0,0
https://www.stackoverflow.com/login,35,13,6,0,0,1,6,0,29,1,0,0,0,0,1,0,0,1,5.8,4.171860873964195,0,0
http://www.amazon.com/support?id=15,35,6,8,5,0,1,8,2,25,0,0,0,0,0,0,0,0,1,4.166666666666667,4.278584802350183,0,0
http://www.google.com?ref=759,29,6,0,7,0,1,7,3,19,0,0,0,0,0,0,0,0,0,3.8,4.1852301329094015,0,0
https://www.spotify.com/signup?lang=575,39,7,7,8,0,1,8,3,28,0,0,0,0,0,1,0,0,1,4.666666666666667,4.368108949354111,0,0
http://www.facebook.com/terms?page=799,38,8,6,8,0,1,8,3,27,0,0,0,0,0,0,0,0,1,4.5,4.306494947369445,0,0
http://www.amazon.com/signup,28,6,7,0,0,1,6,0,22,0,0,0,0,0,0,0,0,1,4.4,3.9677201004744993,0,0
http://www.zoom.us/blog?ref=6,29,4,5,5,0,1,8,1,20,0,0,0,0,0,0,0,0,1,3.3333333333333335,4.228165046627903,0,0
http://www.adobe.com/download,29,5,9,0,0,1,6,0,23,0,0,0,0,0,0,0,0,1,4.6,3.771437029461126,0,0
http://www.dropbox.com/services,31,7,9,0,0,1,6,0,25,0,0,0,0,0,0,0,0,1,5.0,4.042433003725894,0,0
http://www.adobe.com/blog,25,5,5,0,0,1,6,0,19,0,0,0,0,0,0,0,0,1,3.8,3.8332696895151073,0,0
https://www.stackoverflow.com/contact,37,13,8,0,0,1,6,0,31,0,0,0,0,0,1,0,0,1,6.2,3.9563580149100233,0,0
https://www.ibm.com/terms?id=340,32,3,6,6,0,1,8,3,21,0,0,0,0,0,1,0,0,1,3.5,4.218139062229566,0,0
https://www.netflix.com/blog?ref=689,36,7,5,7,0,1,8,3,25,0,0,0,0,0,1,0,0,1,4.166666666666667,4.495906598484244,0,0
http://www.youtube.com/help,27,7,5,0,0,1,6,0,21,0,0,0,0,0,0,0,0,1,4.2,3.782122224145306,0,0
http://www.amazon.com/support,29,6,8,0,0,1,6,0,23,0,0,0,0,0,0,0,0,1,4.6,3.8312762533752505,0,0
https://www.netflix.com/support?ref=611,39,7,8,7,0,1,8,3,28,0,0,0,0,0,1,0,0,1,4.666666666666667,4.355539077670187,0,0
http://www.twitter.com/services,31,7,9,0,0,1,6,0,25,0,0,0,0,0,0,0,0,1,5.0,3.692279682039657,0,0
http://www.salesforce.com/privacy,33,10,8,0,0,1,6,0,27,0,0,0,0,0,0,0,0,1,5.4,4.1272831343132905,0,0
http://www.zoom.us/login,24,4,6,0,0,1,6,0,18,1,0,0,0,0,0,0,0,1,3.6,3.8239348962840563,0,0
https://www.ibm.com/news,24,3,5,0,0,1,6,0,18,0,0,0,0,0,1,0,0,1,3.6,3.7201755214643453,0,0
http://www.apple.com/about,26,5,6,0,0,1,6,0,20,0,0,0,0,0,0,0,0,1,4.0,3.7381493331928657,0,0
https://www.amazon.com/contact?ref=545,38,6,8,7,0,1,8,3,27,0,0,0,0,0,1,0,0,1,4.5,4.201231789474708,0,0
https://www.ibm.com/support,27,3,8,0,0,1,6,0,21,0,0,0,0,0,1,0,0,1,4.2,3.754163427768882,0,0
https://www.oracle.com/privacy,30,6,8,0,0,1,6,0,24,0,0,0,0,0,1,0,0,1,4.8,4.031401845392171,0,0
http://www.ibm.com/news?category=664,36,3,5,12,0,1,8,3,25,0,0,0,0,0,0,0,0,1,4.166666666666667,4.350209029099896,0,0
https://www.stackoverflow.com/products?page=331,47,13,9,8,0,1,8,3,36,0,0,0,0,0,1,0,0,1,6.0,4.426513319578619,0,0
http://www.zoom.us/support,26,4,8,0,0,1,6,0,20,0,0,0,0,0,0,0,0,1,4.0,3.555269044648117,0,0
https://www.salesforce.com/about,32,10,6,0,0,1,6,0,26,0,0,0,0,0,1,0,0,1,5.2,4.007048827786958,0,0
https://www.ibm.com,19,3,0,0,0,1,5,0,14,0,0,0,0,0,1,0,0,0,3.5,3.5766176449086653,0,0
http://www.dropbox.com/login,28,7,6,0,0,1,6,0,22,1,0,0,0,0,0,0,0,1,4.4,3.9677201004744993,0,0
https://www.stackoverflow.com/news,34,13,5,0,0,1,6,0,28,0,0,0,0,0,1,0,0,1,5.6,4.010133709394731,0,0
http://www.slack.com/signup,27,5,7,0,0,1,6,0,21,0,0,0,0,0,0,0,0,1,4.2,4.032303242743954,0,0
https://www.amazon.com/help?category=182,40,6,5,12,0,1,8,3,29,0,0,0,0,0,1,0,0,1,4.833333333333333,4.427567157116929,0,0
http://www.slack.com/download,29,5,9,0,0,1,6,0,23,0,0,0,0,0,0,0,0,1,4.6,3.840402546702505,0,0
http://www.twitter.com/login?category=537,41,7,6,12,0,1,8,3,30,1,0,0,0,0,0,0,0,1,5.0,4.259514199528965,0,0
http://www.stackoverflow.com?page=807,37,13,0,8,0,1,7,3,27,0,0,0,0,0,0,0,0,0,5.4,4.411891879025521,0,0
http://www.salesforce.com/contact,33,10,8,0,0,1,6,0,27,0,0,0,0,0,0,0,0,1,5.4,3.8848588918890474,0,0
https://www.spotify.com/,24,7,1,0,0,1,6,0,18,0,0,0,0,0,1,0,0,0,4.5,3.6572682296173897,0,0
http://www.dropbox.com/privacy?id=4,35,7,8,4,0,1,8,1,26,0,0,0,0,0,0,0,0,1,4.333333333333333,4.243010159554855,0,0
https://www.wikipedia.org/signup,32,9,7,0,0,1,6,0,26,0,0,0,0,0,1,0,0,1,5.2,3.952819531114783,0,0
https://www.dropbox.com/signup?id=140,37,7,7,6,0,1,8,3,26,0,0,0,0,0,1,0,0,1,4.333333333333333,4.425141203232901,0,0
https://www.slack.com/login,27,5,6,0,0,1,6,0,21,1,0,0,0,0,1,0,0,1,4.2,3.958229168669879,0,0
https://www.amazon.com/services?id=314,38,6,9,6,0,1,8,3,27,0,0,0,0,0,1,0,0,1,4.5,4.45148902643068,0,0
http://www.dropbox.com/help,27,7,5,0,0,1,6,0,21,0,0,0,0,0,0,0,0,1,4.2,3.8282375018429557,0,0
http://www.wikipedia.org/help,29,9,5,0,0,1,6,0,23,0,0,0,0,0,0,0,0,1,4.6,3.8143719431796277,0,0
https://www.adobe.com,21,5,0,0,0,1,5,0,16,0,0,0,0,0,1,0,0,0,4.0,3.7849418274376423,0,0
http://www.spotify.com/support,30,7,8,0,0,1,6,0,24,0,0,0,0,0,0,0,0,1,4.8,3.764735178725505,0,0
https://www.facebook.com/privacy,32,8,8,0,0,1,6,0,26,0,0,0,0,0,1,0,0,1,5.2,4.155639062229566,0,0
https://www.github.com/products?id=749,38,6,9,6,0,1,8,3,27,0,0,0,0,0,1,0,0,1,4.5,4.313459750171824,0,0
https://www.twitter.com/login,29,7,6,0,0,1,6,0,23,1,0,0,0,0,1,0,0,1,4.6,3.810928306279287,0,0
http://www.ibm.com/,19,3,1,0,0,1,6,0,13,0,0,0,0,0,0,0,0,0,3.25,3.4316235658474303,0,0
https://www.twitter.com/products?lang=81,40,7,9,7,0,1,8,2,30,0,0,0,0,0,1,0,0,1,5.0,4.315311532225102,0,0
http://www.stackoverflow.com,28,13,0,0,0,1,5,0,23,0,0,0,0,0,0,0,0,0,5.75,3.9677201004744993,0,0
http://www.dropbox.com/login,28,7,6,0,0,1,6,0,22,1,0,0,0,0,0,0,0,1,4.4,3.9677201004744993,0,0
https://www.zoom.us/terms,25,4,6,0,0,1,6,0,19,0,0,0,0,0,1,0,0,1,3.8,3.643074189428569,0,0
http://www.apple.com/privacy,28,5,8,0,0,1,6,0,22,0,0,0,0,0,0,0,0,1,4.4,3.8962915290459277,0,0
http://www.stackoverflow.com/login,34,13,6,0,0,1,6,0,28,1,0,0,0,0,0,0,0,1,5.6,4.160704752887782,0,0
http://www.linkedin.com/about?ref=612,37,8,6,7,0,1,8,3,26,0,0,0,0,0,0,0,0,1,4.333333333333333,4.553651676264346,0,0
http://www.dropbox.com/blog?id=896,34,7,5,6,0,1,8,3,23,0,0,0,0,0,0,0,0,1,3.8333333333333335,4.278351811711311,0,0
https://www.ibm.com/services,28,3,9,0,0,1,6,0,22,0,0,0,0,0,1,0,0,1,4.4,3.869331261111518,0,0
http://www.oracle.com/news,26,6,5,0,0,1,6,0,20,0,0,0,0,0,0,0,0,1,4.0,3.8252517372886503,0,0
http://www.zoom.us/login?id=741,31,4,6,6,0,1,8,3,20,1,0,0,0,0,0,0,0,1,3.3333333333333335,4.300497519854926,0,0
http://www.google.com/contact,29,6,8,0,0,1,6,0,23,0,0,0,0,0,0,0,0,1,4.6,3.676440908696869,0,0
https://www.ibm.com/help?lang=107,33,3,5,8,0,1,8,3,22,0,0,0,0,0,1,0,0,1,3.6666666666666665,4.392582755590972,0,0
https://www.stackoverflow.com/help,34,13,5,0,0,1,6,0,28,0,0,0,0,0,1,0,0,1,5.6,4.02085512047121,0,0
http://www.netflix.com/?id=672,30,7,1,6,0,1,8,3,19,0,0,0,0,0,0,0,0,0,3.8,4.298068512058839,0,0
http://www.linkedin.com/about?category=125,42,8,6,12,0,1,8,3,31,0,0,0,0,0,0,0,0,1,5.166666666666667,4.5764921250051795,0,0
http://www.youtube.com/about?ref=419,36,7,6,7,0,1,8,3,25,0,0,0,0,0,0,0,0,1,4.166666666666667,4.252715278979704,0,0
https://www.amazon.com/?id=471,30,6,1,6,0,1,8,3,19,0,0,0,0,0,1,0,0,0,3.8,4.256564762130954,0,0
https://www.twitter.com/news,28,7,5,0,0,1,6,0,22,0,0,0,0,0,1,0,0,1,4.4,3.5939917630919935,0,0
http://www.amazon.com/products,30,6,9,0,0,1,6,0,24,0,0,0,0,0,0,0,0,1,4.8,3.9395722619867226,0,0
https://www.oracle.com/contact,30,6,8,0,0,1,6,0,24,0,0,0,0,0,1,0,0,1,4.8,3.7647351787255054,0,0
http://www.spotify.com?lang=887,31,7,0,8,0,1,7,3,21,0,0,0,0,0,0,0,0,0,4.2,4.324848729602135,0,0
https://www.microsoft.com/help,30,9,5,0,0,1,6,0,24,0,0,0,0,0,1,0,0,1,4.8,3.872905595320056,0,0
http://www.linkedin.com/login,29,8,6,0,0,1,6,0,23,1,0,0,0,0,0,0,0,1,4.6,3.9262723741395074,0,0
http://www.google.com/blog,26,6,5,0,0,1,6,0,20,0,0,0,0,0,0,0,0,1,4.0,3.613337314045307,0,0
http://www.wikipedia.org/privacy?page=14,40,9,8,7,0,1,8,2,30,0,0,0,0,0,0,0,0,1,5.0,4.234183719779189,0,0
http://www.amazon.com/privacy?id=671,36,6,8,6,0,1,8,3,25,0,0,0,0,0,0,0,0,1,4.166666666666667,4.384795487373133,0,0
http://www.slack.com/privacy,28,5,8,0,0,1,6,0,22,0,0,0,0,0,0,0,0,1,4.4,4.012188403968661,0,0
http://www.github.com/support,29,6,8,0,0,1,6,0,23,0,0,0,0,0,0,0,0,1,4.6,3.8143719431796277,0,0
https://www.linkedin.com,24,8,0,0,0,1,5,0,19,0,0,0,0,0,1,0,0,0,4.75,3.9701755214643453,0,0
http://www.github.com/login,27,6,6,0,0,1,6,0,21,1,0,0,0,0,0,0,0,1,4.2,3.8561962982193805,0,0
https://www.adobe.com/privacy,29,5,8,0,0,1,6,0,23,0,0,0,0,0,1,0,0,1,4.6,4.116264615668023,0,0
http://www.microsoft.com/blog?ref=765,37,9,5,7,0,1,8,3,26,0,0,0,0,0,0,0,0,1,4.333333333333333,4.3374354600481295,0,0
https://www.apple.com/contact,29,5,8,0,0,1,6,0,23,0,0,0,0,0,1,0,0,1,4.6,3.71937582241537,0,0
http://www.netflix.com/,23,7,1,0,0,1,6,0,17,0,0,0,0,0,0,0,0,0,4.25,3.8164027166443875,0,0
http://www.apple.com/signup?lang=255,36,5,7,8,0,1,8,3,25,0,0,0,0,0,0,0,0,1,4.166666666666667,4.294653473544341,0,0
http://www.linkedin.com/help?page=346,37,8,5,8,0,1,8,3,26,0,0,0,0,0,0,0,0,1,4.333333333333333,4.371087149178846,0,0
http://www.netflix.com/help?id=196,34,7,5,6,0,1,8,3,23,0,0,0,0,0,0,0,0,1,3.8333333333333335,4.314972767530033,0,0
https://www.zoom.us/?id=797,27,4,1,6,0,1,8,3,16,0,0,0,0,0,1,0,0,0,3.2,4.032303242743954,0,0
http://www.facebook.com/news,28,8,5,0,0,1,6,0,22,0,0,0,0,0,0,0,0,1,4.4,3.896291529045928,0,0
https://www.amazon.com/terms,28,6,6,0,0,1,6,0,22,0,0,0,0,0,1,0,0,1,4.4,3.8423709931771084,0,0
https://www.google.com/,23,6,1,0,0,1,6,0,17,0,0,0,0,0,1,0,0,0,4.25,3.6424896731661263,0,0
https://www.youtube.com/blog,28,7,5,0,0,1,6,0,22,0,0,0,0,0,1,0,0,1,4.4,3.91379956460568,0,0
http://www.adobe.com/products,29,5,9,0,0,1,6,0,23,0,0,0,0,0,0,0,0,1,4.6,3.926272374139508,0,0
https://www.oracle.com/support,30,6,8,0,0,1,6,0,24,0,0,0,0,0,1,0,0,1,4.8,3.8477426785812736,0,0
http://www.facebook.com/products,32,8,9,0,0,1,6,0,26,0,0,0,0,0,0,0,0,1,5.2,4.030639062229566,0,0
https://www.netflix.com/services,32,7,9,0,0,1,6,0,26,0,0,0,0,0,1,0,0,1,5.2,4.069548827786958,0,0
http://www.github.com/about,27,6,6,0,0,1,6,0,21,0,0,0,0,0,0,0,0,1,4.2,3.736006946447657,0,0
https://www.youtube.com/services?ref=753,40,7,9,7,0,1,8,3,29,0,0,0,0,0,1,0,0,1,4.833333333333333,4.396439344671015,0,0
http://www.spotify.com/help,27,7,5,0,0,1,6,0,21,0,0,0,0,0,0,0,0,1,4.2,3.8282375018429557,0,0
http://www.oracle.com/news,26,6,5,0,0,1,6,0,20,0,0,0,0,0,0,0,0,1,4.0,3.8252517372886503,0,0
http://www.netflix.com/contact,30,7,8,0,0,1,6,0,24,0,0,0,0,0,0,0,0,1,4.8,3.8444138295776114,0,0
http://www.github.com/products,30,6,9,0,0,1,6,0,24,0,0,0,0,0,0,0,0,1,4.8,3.923231428797621,0,0
https://www.amazon.com/blog,27,6,5,0,0,1,6,0,21,0,0,0,0,0,1,0,0,1,4.2,3.9302703722934544,0,0
http://www.stackoverflow.com/signup,35,13,7,0,0,1,6,0,29,0,0,0,0,0,0,0,0,1,5.8,4.264578373902381,0,0
http://www.wikipedia.org/privacy?lang=967,41,9,8,8,0,1,8,3,30,0,0,0,0,0,0,0,0,1,5.0,4.424267553240268,0,0
https://www.github.com/terms?ref=623,36,6,6,7,0,1,8,3,25,0,0,0,0,0,1,0,0,1,4.166666666666667,4.350209029099896,0,0
https://www.oracle.com/privacy,30,6,8,0,0,1,6,0,24,0,0,0,0,0,1,0,0,1,4.8,4.031401845392171,0,0
https://www.microsoft.com/login,31,9,6,0,0,1,6,0,25,1,0,0,0,0,1,0,0,1,5.0,3.9134007456613777,0,0
https://www.linkedin.com/products,33,8,9,0,0,1,6,0,27,0,0,0,0,0,1,0,0,1,5.4,4.1272831343132905,0,0
http://www.facebook.com/login,29,8,6,0,0,1,6,0,23,1,0,0,0,0,0,0,0,1,4.6,4.0472990984266435,0,0
http://www.wikipedia.org/news,29,9,5,0,0,1,6,0,23,0,0,0,0,0,0,0,0,1,4.6,3.853863219997788,0,0
http://www.apple.com?category=112,33,5,0,12,0,1,7,3,23,0,0,0,0,0,0,0,0,0,4.6,4.18788919491935,0,0
http://www.netflix.com/news,27,7,5,0,0,1,6,0,21,0,0,0,0,0,0,0,0,1,4.2,3.8841550945958057,0,0
http://www.stackoverflow.com/blog,33,13,5,0,0,1,6,0,27,0,0,0,0,0,0,0,0,1,5.4,4.0895524525606675,0,0
http://www.adobe.com/blog,25,5,5,0,0,1,6,0,19,0,0,0,0,0,0,0,0,1,3.8,3.8332696895151073,0,0
https://www.dropbox.com/terms,29,7,6,0,0,1,6,0,23,0,0,0,0,0,1,0,0,1,4.6,3.8573068568981284,0,0
https://www.adobe.com?id=343,28,5,0,6,0,1,7,3,18,0,0,0,0,0,1,0,0,0,3.6,4.208966082694624,0,0
https://www.zoom.us/about,25,4,6,0,0,1,6,0,19,0,0,0,0,0,1,0,0,1,3.8,3.643074189428569,0,0
https://www.dropbox.com/terms,29,7,6,0,0,1,6,0,23,0,0,0,0,0,1,0,0,1,4.6,3.8573068568981284,0,0
https://www.amazon.com/download?category=462,44,6,9,12,0,1,8,3,33,0,0,0,0,0,1,0,0,1,5.5,4.388535812301757,0,0
http://www.salesforce.com/terms?ref=472,39,10,6,7,0,1,8,3,28,0,0,0,0,0,0,0,0,1,4.666666666666667,4.214262795507958,0,0
https://www.oracle.com/help,27,6,5,0,0,1,6,0,21,0,0,0,0,0,1,0,0,1,4.2,3.8100810205217304,0,0
https://www.netflix.com/services?id=545,39,7,9,6,0,1,8,3,28,0,0,0,0,0,1,0,0,1,4.666666666666667,4.400034910837099,0,0
http://www.amazon.com/blog,26,6,5,0,0,1,6,0,20,0,0,0,0,0,0,0,0,1,4.0,3.8441065448145375,0,0
https://www.netflix.com/download,32,7,9,0,0,1,6,0,26,0,0,0,0,0,1,0,0,1,5.2,4.054229296672174,0,0
http://www.adobe.com/support,28,5,8,0,0,1,6,0,22,0,0,0,0,0,0,0,0,1,4.4,3.8868392966712704,0,0
http://www.oracle.com/signup,28,6,7,0,0,1,6,0,22,0,0,0,0,0,0,0,0,1,4.4,4.110577243331642,0,0
http://www.stackoverflow.com/products,37,13,9,0,0,1,6,0,31,0,0,0,0,0,0,0,0,1,6.2,4.087567554701195,0,0
http://www.amazon.com/signup?lang=928,37,6,7,8,0,1,8,3,26,0,0,0,0,0,0,0,0,1,4.333333333333333,4.371087149178846,0,0
https://www.stackoverflow.com/login,35,13,6,0,0,1,6,0,29,1,0,0,0,0,1,0,0,1,5.8,4.171860873964195,0,0
http://www.spotify.com/,23,7,1,0,0,1,6,0,17,0,0,0,0,0,0,0,0,0,4.25,3.6424896731661263,0,0
https://www.zoom.us/services?ref=393,36,4,9,7,0,1,8,3,25,0,0,0,0,0,1,0,0,1,4.166666666666667,4.273684376262022,0,0
http://www.netflix.com/privacy?lang=228,39,7,8,8,0,1,8,3,28,0,0,0,0,0,0,0,0,1,4.666666666666667,4.50938523151634,0,0
https://www.spotify.com/terms,29,7,6,0,0,1,6,0,23,0,0,0,0,0,1,0,0,1,4.6,3.8143719431796277,0,0
http://www.linkedin.com/about,29,8,6,0,0,1,6,0,23,0,0,0,0,0,0,0,0,1,4.6,4.090234012145145,0,0
http://www.spotify.com/services,31,7,9,0,0,1,6,0,25,0,0,0,0,0,0,0,0,1,5.0,3.953565664946427,0,0
http://www.stackoverflow.com/help?id=931,40,13,5,6,0,1,8,3,29,0,0,0,0,0,0,0,0,1,4.833333333333333,4.465311532225102,0,0
https://www.adobe.com/signup,28,5,7,0,0,1,6,0,22,0,0,0,0,0,1,0,0,1,4.4,4.110577243331642,0,0
https://www.salesforce.com/news,31,10,5,0,0,1,6,0,25,0,0,0,0,0,1,0,0,1,5.0,3.8732358263763285,0,0
http://www.twitter.com/services,31,7,9,0,0,1,6,0,25,0,0,0,0,0,0,0,0,1,5.0,3.692279682039657,0,0
http://www.google.com/download,30,6,9,0,0,1,6,0,24,0,0,0,0,0,0,0,0,1,4.8,3.7614063297218427,0,0
https://www.zoom.us/support,27,4,8,0,0,1,6,0,21,0,0,0,0,0,1,0,0,1,4.2,3.5500976868678835,0,0
https://www.linkedin.com/contact,32,8,8,0,0,1,6,0,26,0,0,0,0,0,1,0,0,1,5.2,3.9681390622295662,0,0
http://www.facebook.com/news?lang=396,37,8,5,8,0,1,8,3,26,0,0,0,0,0,0,0,0,1,4.333333333333333,4.411891879025521,0,0
https://www.google.com/news?lang=984,36,6,5,8,0,1,8,3,25,0,0,0,0,0,1,0,0,1,4.166666666666667,4.218128820706467,0,0
http://www.oracle.com/login,27,6,6,0,0,1,6,0,21,1,0,0,0,0,0,0,0,1,4.2,3.930270372293455,0,0
http://www.facebook.com/help,28,8,5,0,0,1,6,0,22,0,0,0,0,0,0,0,0,1,4.4,3.869331261111518,0,0
https://www.twitter.com/services,32,7,9,0,0,1,6,0,26,0,0,0,0,0,1,0,0,1,5.2,3.691428031846024,0,0
http://www.apple.com/news,25,5,5,0,0,1,6,0,19,0,0,0,0,0,0,0,0,1,3.8,3.7034651896016455,0,0
https://www.google.com/services?category=119,44,6,9,12,0,1,8,3,33,0,0,0,0,0,1,0,0,1,5.5,4.311037868342279,0,0
https://www.wikipedia.org/support,33,9,8,0,0,1,6,0,27,0,0,0,0,0,1,0,0,1,5.4,3.884858891889047,0,0
https://www.ibm.com/services,28,3,9,0,0,1,6,0,22,0,0,0,0,0,1,0,0,1,4.4,3.869331261111518,0,0
http://www.netflix.com/contact,30,7,8,0,0,1,6,0,24,0,0,0,0,0,0,0,0,1,4.8,3.8444138295776114,0,0
http://www.ibm.com/login,24,3,6,0,0,1,6,0,18,1,0,0,0,0,0,0,0,1,3.6,3.7720552088742005,0,0
http://www.youtube.com/news,27,7,5,0,0,1,6,0,21,0,0,0,0,0,0,0,0,1,4.2,3.8100810205217313,0,0
http://www.zoom.us/help?id=83,29,4,5,5,0,1,8,2,19,0,0,0,0,0,0,0,0,1,3.1666666666666665,4.1852301329094015,0,0
http://www.dropbox.com/download?id=427,38,7,9,6,0,1,8,3,27,0,0,0,0,0,0,0,0,1,4.5,4.238334671954105,0,0
http://www.adobe.com/blog?page=340,34,5,5,8,0,1,8,3,23,0,0,0,0,0,0,0,0,1,3.8333333333333335,4.256149238118269,0,0
https://www.facebook.com/contact?ref=116,40,8,8,7,0,1,8,3,29,0,0,0,0,0,1,0,0,1,4.833333333333333,4.234183719779189,0,0
https://www.zoom.us,19,4,0,0,0,1,5,0,14,0,0,0,0,0,1,0,0,0,3.5,3.471354487013929,0,0
https://www.adobe.com/privacy,29,5,8,0,0,1,6,0,23,0,0,0,0,0,1,0,0,1,4.6,4.116264615668023,0,0
https://www.microsoft.com/?id=783,33,9,1,6,0,1,8,3,22,0,0,0,0,0,1,0,0,0,4.4,4.165013816065913,0,0
https://www.stackoverflow.com/login?ref=33,42,13,6,6,0,1,8,2,32,1,0,0,0,0,1,0,0,1,5.333333333333333,4.403989446485262,0,0
https://www.youtube.com/contact?category=219,44,7,8,12,0,1,8,3,33,0,0,0,0,0,1,0,0,1,5.5,4.2998963911678905,0,0
http://www.microsoft.com/contact,32,9,8,0,0,1,6,0,26,0,0,0,0,0,0,0,0,1,5.2,3.7150182662886326,0,0
http://www.github.com/privacy?lang=712,38,6,8,8,0,1,8,3,27,0,0,0,0,0,0,0,0,1,4.5,4.504120605378049,0,0
http://www.microsoft.com/login?lang=195,39,9,6,8,0,1,8,3,28,1,0,0,0,0,0,0,0,1,4.666666666666667,4.355539077670187,0,0
https://www.salesforce.com/privacy,34,10,8,0,0,1,6,0,28,0,0,0,0,0,1,0,0,1,5.6,4.1162996057016965,0,0
http://www.youtube.com/terms?id=197,35,7,6,6,0,1,8,3,24,0,0,0,0,0,0,0,0,1,4.0,4.343289445392767,0,0
https://www.google.com/about,28,6,6,0,0,1,6,0,22,0,0,0,0,0,1,0,0,1,4.4,3.8693312611115185,0,0
https://www.twitter.com/?lang=340,33,7,1,8,0,1,8,3,22,0,0,0,0,0,1,0,0,0,4.4,4.245469029158445,0,0
http://www.microsoft.com/privacy,32,9,8,0,0,1,6,0,26,0,0,0,0,0,0,0,0,1,5.2,3.944548827786958,0,0
http://www.amazon.com/,22,6,1,0,0,1,6,0,16,0,0,0,0,0,0,0,0,0,4.0,3.572623663895164,0,0
https://www.netflix.com/services,32,7,9,0,0,1,6,0,26,0,0,0,0,0,1,0,0,1,5.2,4.069548827786958,0,0
http://www.netflix.com/contact?category=50,42,7,8,11,0,1,8,2,32,0,0,0,0,0,0,0,0,1,5.333333333333333,4.3024498629973955,0,0
http://www.adobe.com/,21,5,1,0,0,1,6,0,15,0,0,0,0,0,0,0,0,0,3.75,3.6537567082870006,0,0
https://www.apple.com/blog,26,5,5,0,0,1,6,0,20,0,0,0,0,0,1,0,0,1,4.0,3.8441065448145375,0,0
http://www.twitter.com/products,31,7,9,0,0,1,6,0,25,0,0,0,0,0,0,0,0,1,5.0,3.7198523585646037,0,0
http://www.dropbox.com/services,31,7,9,0,0,1,6,0,25,0,0,0,0,0,0,0,0,1,5.0,4.042433003725894,0,0
http://www.slack.com/contact?page=569,37,5,8,8,0,1,8,3,26,0,0,0,0,0,0,0,0,1,4.333333333333333,4.229327351940021,0,0
http://www.twitter.com/download,31,7,9,0,0,1,6,0,25,0,0,0,0,0,0,0,0,1,5.0,3.7693880538320177,0,0
https://www.google.com/about?lang=695,37,6,6,8,0,1,8,3,26,0,0,0,0,0,1,0,0,1,4.333333333333333,4.317033095124793,0,0
http://www.microsoft.com/products?ref=900,41,9,9,7,0,1,8,3,30,0,0,0,0,0,0,0,0,1,5.0,4.210733711724087,0,0
http://www.spotify.com/terms,28,7,6,0,0,1,6,0,22,0,0,0,0,0,0,0,0,1,4.4,3.8248629576173565,0,0
http://www.amazon.com/news,26,6,5,0,0,1,6,0,20,0,0,0,0,0,0,0,0,1,4.0,3.7483286603655737,0,0
https://www.spotify.com/news,28,7,5,0,0,1,6,0,22,0,0,0,0,0,1,0,0,1,4.4,3.7979026896829473,0,0
http://www.twitter.com/news,27,7,5,0,0,1,6,0,21,0,0,0,0,0,0,0,0,1,4.2,3.570659041013948,0,0
http://www.amazon.com/signup,28,6,7,0,0,1,6,0,22,0,0,0,0,0,0,0,0,1,4.4,3.9677201004744993,0,0
http://www.apple.com/login?category=640,39,5,6,12,0,1,8,3,28,1,0,0,0,0,0,0,0,1,4.666666666666667,4.368108949354111,0,0
https://www.apple.com/privacy?id=958,36,5,8,6,0,1,8,3,25,0,0,0,0,0,1,0,0,1,4.166666666666667,4.405764584655452,0,0
https://www.slack.com/signup?ref=76,35,5,7,6,0,1,8,2,25,0,0,0,0,0,1,0,0,1,4.166666666666667,4.49314980247381,0,0
https://www.salesforce.com/blog,31,10,5,0,0,1,6,0,25,0,0,0,0,0,1,0,0,1,5.0,4.018081793978685,0,0
http://www.wikipedia.org/news,29,9,5,0,0,1,6,0,23,0,0,0,0,0,0,0,0,1,4.6,3.853863219997788,0,0
https://www.slack.com/about?page=749,36,5,6,8,0,1,8,3,25,0,0,0,0,0,1,0,0,1,4.166666666666667,4.363826390090815,0,0
http://www.salesforce.com/terms?page=80,39,10,6,7,0,1,8,2,29,0,0,0,0,0,0,0,0,1,4.833333333333333,4.233618885307021,0,0
https://www.oracle.com/help,27,6,5,0,0,1,6,0,21,0,0,0,0,0,1,0,0,1,4.2,3.8100810205217304,0,0
http://www.netflix.com/terms,28,7,6,0,0,1,6,0,22,0,0,0,0,0,0,0,0,1,4.4,3.9677201004744997,0,0
http://www.youtube.com/services,31,7,9,0,0,1,6,0,25,0,0,0,0,0,0,0,0,1,5.0,4.018081793978685,0,0
http://www.amazon.com/about,27,6,6,0,0,1,6,0,21,0,0,0,0,0,0,0,0,1,4.2,3.7262046313924566,0,0
http://www.microsoft.com/login,30,9,6,0,0,1,6,0,24,1,0,0,0,0,0,0,0,1,4.8,3.8980685120588388,0,0
https://www.wikipedia.org/news?page=147,39,9,5,8,0,1,8,3,28,0,0,0,0,0,1,0,0,1,4.666666666666667,4.243628103911205,0,0
http://www.dropbox.com,22,7,0,0,0,1,5,0,17,0,0,0,0,0,0,0,0,0,4.25,3.6635327548042538,0,0
http://www.stackoverflow.com/support?ref=431,44,13,8,7,0,1,8,3,33,0,0,0,0,0,0,0,0,1,5.5,4.362507470762515,0,0
http://www.netflix.com/services,31,7,9,0,0,1,6,0,25,0,0,0,0,0,0,0,0,1,5.0,4.082597923010943,0,0
https://www.adobe.com/products?page=348,39,5,9,8,0,1,8,3,28,0,0,0,0,0,1,0,0,1,4.666666666666667,4.368108949354111,0,0
https://www.twitter.com/support,31,7,8,0,0,1,6,0,25,0,0,0,0,0,1,0,0,1,5.0,3.630985019785137,0,0
http://www.microsoft.com/about,30,9,6,0,0,1,6,0,24,0,0,0,0,0,0,0,0,1,4.8,3.8565647621309544,0,0
https://www.adobe.com/support,29,5,8,0,0,1,6,0,23,0,0,0,0,0,1,0,0,1,4.6,3.90024177061663,0,0
https://www.twitter.com/about,29,7,6,0,0,1,6,0,23,0,0,0,0,0,1,0,0,1,4.6,3.7454064259382482,0,0
https://www.ibm.com/news,24,3,5,0,0,1,6,0,18,0,0,0,0,0,1,0,0,1,3.6,3.7201755214643453,0,0
http://www.salesforce.com/blog,30,10,5,0,0,1,6,0,24,0,0,0,0,0,0,0,0,1,4.8,4.031401845392171,0,0
http://www.stackoverflow.com,28,13,0,0,0,1,5,0,23,0,0,0,0,0,0,0,0,0,5.75,3.9677201004744993,0,0
https://www.spotify.com/,24,7,1,0,0,1,6,0,18,0,0,0,0,0,1,0,0,0,4.5,3.6572682296173897,0,0
https://www.dropbox.com/?id=273,31,7,1,6,0,1,8,3,20,0,0,0,0,0,1,0,0,0,4.0,4.235981390822668,0,0
http://www.microsoft.com/help?category=118,42,9,5,12,0,1,8,3,31,0,0,0,0,0,0,0,0,1,5.166666666666667,4.338396886909942,0,0
https://www.dropbox.com/services,32,7,9,0,0,1,6,0,26,0,0,0,0,0,1,0,0,1,5.2,4.030639062229566,0,0
https://www.spotify.com/about,29,7,6,0,0,1,6,0,23,0,0,0,0,0,1,0,0,1,4.6,3.8833374604210067,0,0
https://www.zoom.us/about,25,4,6,0,0,1,6,0,19,0,0,0,0,0,1,0,0,1,3.8,3.643074189428569,0,0
https://www.facebook.com/services?page=492,42,8,9,8,0,1,8,3,31,0,0,0,0,0,1,0,0,1,5.166666666666667,4.445307005854539,0,0
http://www.amazon.com/terms,27,6,6,0,0,1,6,0,21,0,0,0,0,0,0,0,0,1,4.2,3.8282375018429557,0,0
http://www.github.com/privacy?id=765,36,6,8,6,0,1,8,3,25,0,0,0,0,0,0,0,0,1,4.166666666666667,4.41938194564637,0,0
http://www.ibm.com/login,24,3,6,0,0,1,6,0,18,1,0,0,0,0,0,0,0,1,3.6,3.7720552088742005,0,0
https://www.microsoft.com/about,31,9,6,0,0,1,6,0,25,0,0,0,0,0,1,0,0,1,5.0,3.873235826376328,0,0
https://www.wikipedia.org/terms,31,9,6,0,0,1,6,0,25,0,0,0,0,0,1,0,0,1,5.0,3.9134007456613777,0,0
http://www.dropbox.com/privacy,30,7,8,0,0,1,6,0,24,0,0,0,0,0,0,0,0,1,4.8,4.0062389286533895,0,0
http://www.linkedin.com/privacy,31,8,8,0,0,1,6,0,25,0,0,0,0,0,0,0,0,1,5.0,4.17146526179041,0,0
https://www.slack.com/news?lang=888,35,5,5,8,0,1,8,3,24,0,0,0,0,0,1,0,0,1,4.0,4.150292659616667,0,0
https://www.twitter.com/blog,28,7,5,0,0,1,6,0,22,0,0,0,0,0,1,0,0,1,4.4,3.7943360657504517,0,0
http://www.oracle.com,21,6,0,0,0,1,5,0,16,0,0,0,0,0,0,0,0,0,4.0,3.689703732199547,0,0
https://www.facebook.com/help?category=845,42,8,5,12,0,1,8,3,31,0,0,0,0,0,1,0,0,1,5.166666666666667,4.445307005854539,0,0
http://www.amazon.com/contact?ref=707,37,6,8,7,0,1,8,3,26,0,0,0,0,0,0,0,0,1,4.333333333333333,4.134468568039293,0,0
http://www.wikipedia.org/help,29,9,5,0,0,1,6,0,23,0,0,0,0,0,0,0,0,1,4.6,3.8143719431796277,0,0
http://www.zoom.us/privacy,26,4,8,0,0,1,6,0,20,0,0,0,0,0,0,0,0,1,4.0,4.026986833359286,0,0
http://www.facebook.com/signup,30,8,7,0,0,1,6,0,24,0,0,0,0,0,0,0,0,1,4.8,4.164735178725505,0,0
http://www.zoom.us/services,27,4,9,0,0,1,6,0,21,0,0,0,0,0,0,0,0,1,4.2,3.9302703722934544,0,0
https://www.apple.com/blog,26,5,5,0,0,1,6,0,20,0,0,0,0,0,1,0,0,1,4.0,3.8441065448145375,0,0
http://www.google.com/support,29,6,8,0,0,1,6,0,23,0,0,0,0,0,0,0,0,1,4.6,3.78834133965675,0,0
http://www.adobe.com/news?ref=752,33,5,5,7,0,1,8,3,22,0,0,0,0,0,0,0,0,1,3.6666666666666665,4.331976694984911,0,0
http://www.spotify.com/contact?category=902,43,7,8,12,0,1,8,3,32,0,0,0,0,0,0,0,0,1,5.333333333333333,4.286275219617124,0,0
http://www.zoom.us/blog,23,4,5,0,0,1,6,0,17,0,0,0,0,0,0,0,0,1,3.4,3.7294461949052566,0,0
http://www.netflix.com/signup,29,7,7,0,0,1,6,0,23,0,0,0,0,0,0,0,0,1,4.6,4.090234012145145,0,0
https://www.salesforce.com/login,32,10,6,0,0,1,6,0,26,1,0,0,0,0,1,0,0,1,5.2,4.093139062229566,0,0
http://www.salesforce.com/help,30,10,5,0,0,1,6,0,24,0,0,0,0,0,0,0,0,1,4.8,3.8980685120588383,0,0
http://www.ibm.com/products,27,3,9,0,0,1,6,0,21,0,0,0,0,0,0,0,0,1,4.2,3.8561962982193805,0,0
https://www.twitter.com/services,32,7,9,0,0,1,6,0,26,0,0,0,0,0,1,0,0,1,5.2,3.691428031846024,0,0
https://www.wikipedia.org/login,31,9,6,0,0,1,6,0,25,1,0,0,0,0,1,0,0,1,5.0,3.962103165155795,0,0
http://www.salesforce.com?page=206,34,10,0,8,0,1,7,3,24,0,0,0,0,0,0,0,0,0,4.8,4.337175341123077,0,0
http://www.apple.com,20,5,0,0,0,1,5,0,15,0,0,0,0,0,0,0,0,0,3.75,3.546439344671015,0,0
http://www.amazon.com?page=58,29,6,0,7,0,1,7,2,20,0,0,0,0,0,0,0,0,0,4.0,4.1162646156680225,0,0
http://www.oracle.com/news,26,6,5,0,0,1,6,0,20,0,0,0,0,0,0,0,0,1,4.0,3.8252517372886503,0,0
https://www.oracle.com/download?page=239,40,6,9,8,0,1,8,3,29,0,0,0,0,0,1,0,0,1,4.833333333333333,4.3341837197791895,0,0
http://www.adobe.com/products,29,5,9,0,0,1,6,0,23,0,0,0,0,0,0,0,0,1,4.6,3.926272374139508,0,0
http://www.linkedin.com/help?lang=688,37,8,5,8,0,1,8,3,26,0,0,0,0,0,0,0,0,1,4.333333333333333,4.317033095124791,0,0
http://www.oracle.com/support,29,6,8,0,0,1,6,0,23,0,0,0,0,0,0,0,0,1,4.6,3.8312762533752505,0,0
http://www.wikipedia.org/signup?ref=468,39,9,7,7,0,1,8,3,28,0,0,0,0,0,0,0,0,1,4.666666666666667,4.37489516746925,0,0
https://www.facebook.com/help,29,8,5,0,0,1,6,0,23,0,0,0,0,0,1,0,0,1,4.6,3.9523029776623857,0,0
https://www.adobe.com/signup,28,5,7,0,0,1,6,0,22,0,0,0,0,0,1,0,0,1,4.4,4.110577243331642,0,0
https://www.stackoverflow.com,29,13,0,0,0,1,5,0,24,0,0,0,0,0,1,0,0,0,6.0,3.9783335811852645,0,0
https://www.spotify.com,23,7,0,0,0,1,5,0,18,0,0,0,0,0,1,0,0,0,4.5,3.6753108689123644,0,0
https://www.dropbox.com/blog?ref=538,36,7,5,7,0,1,8,3,25,0,0,0,0,0,1,0,0,1,4.166666666666667,4.405764584655452,0,0
https://www.facebook.com/help,29,8,5,0,0,1,6,0,23,0,0,0,0,0,1,0,0,1,4.6,3.9523029776623857,0,0
http://www.linkedin.com/blog?id=982,35,8,5,6,0,1,8,3,24,0,0,0,0,0,0,0,0,1,4.0,4.378864088188096,0,0
https://www.oracle.com/signup?lang=374,38,6,7,8,0,1,8,3,27,0,0,0,0,0,1,0,0,1,4.5,4.4713544870139295,0,0
https://www.github.com/about?page=29,36,6,6,7,0,1,8,2,26,0,0,0,0,0,1,0,0,1,4.333333333333333,4.2390979179887855,0,0
https://www.adobe.com/news,26,5,5,0,0,1,6,0,20,0,0,0,0,0,1,0,0,1,4.0,3.8252517372886503,0,0
http://www.github.com/signup,28,6,7,0,0,1,6,0,22,0,0,0,0,0,0,0,0,1,4.4,3.869331261111519,0,0
http://www.ibm.com/privacy?category=63,38,3,8,11,0,1,8,2,28,0,0,0,0,0,0,0,0,1,4.666666666666667,4.326360407952694,0,0
https://www.salesforce.com/,27,10,1,0,0,1,6,0,21,0,0,0,0,0,1,0,0,0,5.25,3.85619629821938,0,0
http://www.stackoverflow.com/download?id=333,44,13,9,6,0,1,8,3,33,0,0,0,0,0,0,0,0,1,5.5,4.3176400059662186,0,0
http://www.netflix.com,22,7,0,0,0,1,5,0,17,0,0,0,0,0,0,0,0,0,4.25,3.845350936622435,0,0
http://www.oracle.com/products?page=282,39,6,9,8,0,1,8,3,28,0,0,0,0,0,0,0,0,1,4.666666666666667,4.297470808272997,0,0
https://www.netflix.com/contact,31,7,8,0,0,1,6,0,25,0,0,0,0,0,1,0,0,1,5.0,3.92599298842148,0,0
http://www.salesforce.com/,26,10,1,0,0,1,6,0,20,0,0,0,0,0,0,0,0,0,5.0,3.8731406795131327,0,0
https://www.microsoft.com,25,9,0,0,0,1,5,0,20,0,0,0,0,0,1,0,0,0,5.0,3.673269689515108,0,0
https://www.dropbox.com/support?page=329,40,7,8,8,0,1,8,3,29,0,0,0,0,0,1,0,0,1,4.833333333333333,4.325070520364181,0,0
http://www.apple.com/privacy?lang=442,37,5,8,8,0,1,8,3,26,0,0,0,0,0,0,0,0,1,4.333333333333333,4.337435460048129,0,0
http://www.adobe.com/,21,5,1,0,0,1,6,0,15,0,0,0,0,0,0,0,0,0,3.75,3.6537567082870006,0,0
http://www.netflix.com/terms,28,7,6,0,0,1,6,0,22,0,0,0,0,0,0,0,0,1,4.4,3.9677201004744997,0,0
https://www.adobe.com,21,5,0,0,0,1,5,0,16,0,0,0,0,0,1,0,0,0,4.0,3.7849418274376423,0,0
https://www.facebook.com/about,30,8,6,0,0,1,6,0,24,0,0,0,0,0,1,0,0,1,4.8,3.8980685120588383,0,0
http://www.spotify.com/news,27,7,5,0,0,1,6,0,21,0,0,0,0,0,0,0,0,1,4.2,3.8100810205217313,0,0
http://www.salesforce.com/login,31,10,6,0,0,1,6,0,25,1,0,0,0,0,0,0,0,1,5.0,4.106949132758152,0,0
https://www.oracle.com/login?page=564,37,6,6,8,0,1,8,3,26,1,0,0,0,0,1,0,0,1,4.333333333333333,4.391489514102184,0,0
https://www.github.com/terms?lang=179,37,6,6,8,0,1,8,3,26,0,0,0,0,0,1,0,0,1,4.333333333333333,4.465945933079575,0,0
http://www.salesforce.com/products,34,10,9,0,0,1,6,0,28,0,0,0,0,0,0,0,0,1,5.6,4.013070929103845,0,0
https://www.linkedin.com/privacy,32,8,8,0,0,1,6,0,26,0,0,0,0,0,1,0,0,1,5.2,4.241729296672174,0,0
http://www.ibm.com/,19,3,1,0,0,1,6,0,13,0,0,0,0,0,0,0,0,0,3.25,3.4316235658474303,0,0
http://www.spotify.com/help,27,7,5,0,0,1,6,0,21,0,0,0,0,0,0,0,0,1,4.2,3.8282375018429557,0,0
https://www.netflix.com/products?lang=722,41,7,9,8,0,1,8,3,30,0,0,0,0,0,1,0,0,1,5.0,4.540240419146695,0,0
https://www.stackoverflow.com/support,37,13,8,0,0,1,6,0,31,0,0,0,0,0,1,0,0,1,6.2,4.013111135723804,0,0
https://www.facebook.com/products,33,8,9,0,0,1,6,0,27,0,0,0,0,0,1,0,0,1,5.4,4.043801694853792,0,0
http://www.oracle.com/news,26,6,5,0,0,1,6,0,20,0,0,0,0,0,0,0,0,1,4.0,3.8252517372886503,0,0
http://www.microsoft.com/?page=646,34,9,1,8,0,1,8,3,23,0,0,0,0,0,0,0,0,0,4.6,4.233946664525225,0,0
http://www.adobe.com/support,28,5,8,0,0,1,6,0,22,0,0,0,0,0,0,0,0,1,4.4,3.8868392966712704,0,0
http://www.apple.com/login,26,5,6,0,0,1,6,0,20,1,0,0,0,0,0,0,0,1,4.0,3.8441065448145375,0,0
http://www.youtube.com/blog?page=800,36,7,5,8,0,1,8,3,25,0,0,0,0,0,0,0,0,1,4.166666666666667,4.252715278979704,0,0
https://www.apple.com/signup?id=52,34,5,7,5,0,1,8,2,24,0,0,0,0,0,1,0,0,1,4.0,4.337175341123076,0,0
http://www.ibm.com?page=10,26,3,0,7,0,1,7,2,17,0,0,0,0,0,0,0,0,0,3.4,4.132944044980958,0,0
http://www.youtube.com/privacy,30,7,8,0,0,1,6,0,24,0,0,0,0,0,0,0,0,1,4.8,4.031401845392171,0,0
http://www.ibm.com/privacy,26,3,8,0,0,1,6,0,20,0,0,0,0,0,0,0,0,1,4.0,3.8731406795131322,0,0
https://www.wikipedia.org/terms,31,9,6,0,0,1,6,0,25,0,0,0,0,0,1,0,0,1,5.0,3.9134007456613777,0,0
http://www.adobe.com/download?lang=788,38,5,9,8,0,1,8,3,27,0,0,0,0,0,0,0,0,1,4.5,4.188331131693837,0,0
update.10.0.0.1?id=3261,23,1,15,7,0,4,6,9,8,1,1,0,0,0,0,0,0,1,4.0,3.6753108689123644,1,1
login.trojan.gq,15,6,15,0,0,1,2,0,13,1,0,0,1,0,0,0,0,1,4.333333333333333,3.3735572622751846,0,1
secure.banking.com?id=8413,26,7,18,7,0,1,4,4,18,2,0,0,0,0,0,0,0,1,4.5,4.315824333525707,0,1
malware.com/file/abc123def456?id=2847,37,7,29,7,0,0,5,10,22,0,0,0,0,0,0,0,0,3,3.6666666666666665,4.465945933079575,0,1
login.download.file.com,23,4,23,0,0,2,3,0,20,1,0,0,0,0,0,0,0,1,5.0,3.501397825434103,0,1
malicious.tk?id=8709,20,9,12,7,0,0,3,4,13,0,0,0,1,0,0,0,0,1,4.333333333333333,4.084183719779189,0,1
http://malware.com?redirect=evil.com?id=8763,44,7,0,25,0,0,9,4,31,0,0,0,0,0,0,0,0,0,4.428571428571429,4.373648947936902,0,1
trojan.com/run.cmd,18,6,18,0,0,0,3,0,15,0,0,0,0,0,0,0,1,2,3.75,3.503258334775645,0,1
malware.com/download.exe?id=5202,32,7,24,7,0,0,5,4,23,0,0,0,0,0,0,0,1,2,4.6,4.093139062229566,0,1
http://verify.scam.com/verify.html,34,4,12,0,0,1,7,0,27,1,0,0,0,0,0,0,0,1,4.5,4.057476076289932,0,1
http://secure.virus.com/download/1234567890abcdef?id=2108,57,5,26,7,0,1,9,14,34,1,0,0,0,0,0,0,0,2,4.857142857142857,4.915966110542101,0,1
http://download.v.gd/malware,28,1,8,0,0,1,6,0,22,0,0,0,0,0,0,0,0,1,4.4,3.9407598325400897,0,1
download.malware.com/download.exe,33,7,33,0,0,1,4,0,29,0,0,0,0,0,0,0,1,2,5.8,3.5101762259314633,0,1
scam.ga,7,4,7,0,0,0,1,0,6,0,0,0,1,0,0,0,0,1,3.0,2.5216406363433186,0,1
download.scam.ga,16,4,16,0,0,1,2,0,14,0,0,0,1,0,0,0,0,1,4.666666666666667,3.327819531114783,0,1
http://trojan.com/run.cmd?id=9376,33,6,8,7,0,0,8,4,21,0,0,0,0,0,0,0,1,1,3.5,4.331976694984911,0,1
http://verify.hacked.cf,23,6,0,0,0,1,5,0,18,1,0,0,1,0,0,0,0,0,4.5,3.914866303883101,0,1
secure.banking.com,18,7,18,0,0,1,2,0,16,2,0,0,0,0,0,0,0,1,5.333333333333333,3.7254805569978675,0,1
http://is.gd/evil,17,2,5,0,0,0,5,0,12,0,0,0,0,0,0,0,0,1,3.0,3.572469458770136,0,1
v.gd/malware?id=8727,20,1,12,7,0,0,4,4,12,0,0,0,0,0,0,0,0,2,3.0,4.021928094887363,0,1
scam.com/verify.html?id=9924,28,4,20,7,0,0,5,4,19,1,0,0,0,0,0,0,0,2,3.8,4.351823225551767,0,1
v.gd/malware,12,1,12,0,0,0,2,0,10,0,0,0,0,0,0,0,0,2,3.3333333333333335,3.4182958340544896,0,1
download.update.software.com,28,8,28,0,0,2,3,0,25,1,0,0,0,0,0,0,0,1,6.25,3.7979026896829473,0,1
install.program.com?id=1593,27,7,19,7,0,1,4,4,19,0,0,0,0,0,0,0,0,1,4.75,4.236368983644952,0,1
phishing.com/login.php?id=8716,30,8,22,7,0,0,5,4,21,1,0,0,0,0,0,0,0,2,4.2,4.056564762130955,0,1
10.0.0.1?id=3447,16,8,8,7,0,0,5,9,2,0,1,0,0,0,0,0,0,1,2.0,3.1556390622295662,1,1
trojan.com/run.cmd,18,6,18,0,0,0,3,0,15,0,0,0,0,0,0,0,1,2,3.75,3.503258334775645,0,1
install.program.com,19,7,19,0,0,1,2,0,17,0,0,0,0,0,0,0,0,1,5.666666666666667,3.616348566075164,0,1
http://trojan.gq,16,6,0,0,0,0,4,0,12,0,0,0,1,0,0,0,0,0,4.0,3.577819531114783,0,1
http://trojan.gq,16,6,0,0,0,0,4,0,12,0,0,0,1,0,0,0,0,0,4.0,3.577819531114783,0,1
secure.trojan.com/run.cmd?id=3834,33,6,25,7,0,1,6,4,23,1,0,0,0,0,0,0,1,2,3.8333333333333335,4.187889194919351,0,1
http://bank.verify.account-update.com,37,14,0,0,0,2,7,0,30,4,0,0,0,0,0,0,0,0,5.0,4.283381405994076,0,1
download.download.file.com,26,4,26,0,0,2,3,0,23,0,0,0,0,0,0,0,0,1,5.75,3.3496929689578705,0,1
download.is.gd/evil?id=4470,27,2,19,7,0,1,5,4,18,0,0,0,0,0,0,0,0,2,3.6,3.986187965046305,0,1
http://malware.tk,17,7,0,0,0,0,4,0,13,0,0,0,1,0,0,0,0,0,4.333333333333333,3.572469458770136,0,1
update.malware.tk,17,7,17,0,0,1,2,0,15,1,0,0,1,0,0,0,0,1,5.0,3.4548223999466066,0,1
http://login.bank-secure.com,28,11,0,0,0,1,6,0,22,3,0,0,0,0,0,0,0,0,4.4,4.307354922057605,0,1
http://update.hack.com/admin.php,32,4,10,0,0,1,7,0,25,1,0,0,0,0,0,0,0,1,4.166666666666667,3.819548827786958,0,1
http://secure.hacked.cf?id=1270,31,6,0,7,0,1,7,4,20,1,0,0,1,0,0,0,0,0,4.0,4.324848729602135,0,1
http://download.bit.ly/malicious,32,3,10,0,0,1,6,0,26,0,0,1,0,0,0,0,0,1,5.2,4.069548827786958,0,1
verify.malware.com/download.exe?id=3626,39,7,31,7,0,1,6,4,29,1,0,0,0,0,0,0,1,2,4.833333333333333,4.284900936589072,0,1
update.tinyurl.com/dangerous,28,7,28,0,0,1,3,0,25,1,0,1,0,0,0,0,0,2,6.25,4.066108939837481,0,1
http://8.8.8.8?id=6624,22,7,0,7,0,0,8,8,6,0,1,0,0,0,0,0,0,0,3.0,3.6069367321753205,1,1
http://secure.trojan.com?url=phishing.com?id=2893,49,6,0,24,0,1,10,4,35,1,0,0,0,0,0,0,0,0,4.375,4.5680932621734875,0,1
login.v.gd/malware,18,1,18,0,0,1,3,0,15,1,0,0,0,0,0,0,0,2,3.75,3.7254805569978675,0,1
login.hacked.cf?id=5203,23,6,15,7,0,1,4,4,15,1,0,0,1,0,0,0,0,1,3.75,4.1757358691004915,0,1
http://login.malware.com/file/abc123def456?id=2385,50,7,18,7,0,1,9,10,31,1,0,0,0,0,0,0,0,2,3.875,4.703465189601647,0,1
download.scam.ga?id=2817,24,4,16,7,0,1,4,4,16,0,0,0,1,0,0,0,0,1,4.0,4.0220552088742005,0,1
http://verify.dangerous.ml,26,9,0,0,0,1,5,0,21,1,0,0,1,0,0,0,0,0,5.25,4.315824333525707,0,1
download.trojan.gq?id=3851,26,6,18,7,0,1,4,4,18,0,0,0,1,0,0,0,0,1,4.5,4.103909910282363,0,1
http://virus.com/install.bat?id=1687,36,5,12,7,0,0,8,4,24,0,0,0,0,0,0,0,1,1,4.0,4.461320140211007,0,1
download.phishing.com/login.php?id=4257,39,8,31,7,0,1,6,4,29,1,0,0,0,0,0,0,0,2,4.833333333333333,4.162980744225906,0,1
scam.com/verify.html,20,4,20,0,0,0,3,0,17,1,0,0,0,0,0,0,0,2,4.25,3.884183719779189,0,1
http://login.bank-secure.com?id=3129,36,11,0,7,0,1,8,4,24,3,0,0,0,0,0,0,0,0,4.0,4.725480556997867,0,1
http://update.dangerous.ml,26,9,0,0,0,1,5,0,21,1,0,0,1,0,0,0,0,0,5.25,3.9790978911348045,0,1
trojan.com/run.cmd,18,6,18,0,0,0,3,0,15,0,0,0,0,0,0,0,1,2,3.75,3.503258334775645,0,1
hack.com/admin.php,18,4,18,0,0,0,3,0,15,0,0,0,0,0,0,0,0,2,3.75,3.5032583347756456,0,1
http://virus.cf?id=9938,23,5,0,7,0,0,6,4,13,0,0,0,1,0,0,0,0,0,3.25,4.1757358691004915,0,1
secure.malware.tk?id=8539,25,7,17,7,0,1,4,4,17,1,0,0,1,0,0,0,0,1,4.25,4.213660689688184,0,1
download.file.com,17,4,17,0,0,1,2,0,15,0,0,0,0,0,0,0,0,1,5.0,3.454822399946607,0,1
secure.t.co/harmful?id=9024,27,1,19,7,0,1,5,4,18,1,0,0,0,0,0,0,0,2,3.6,4.384517131793101,0,1
scam.com?link=dangerous.com?id=9839,35,4,8,26,0,0,6,4,25,0,0,0,0,0,0,0,0,1,4.166666666666667,4.207435516759524,0,1
http://bank.10.0.0.1,20,1,0,0,0,4,7,5,8,1,1,0,0,0,0,0,0,0,4.0,3.3841837197791884,1,1
http://secure.8.8.8.8?id=9858,29,1,0,7,0,4,9,8,12,1,1,0,0,0,0,0,0,0,4.0,3.840402546702506,1,1
update.verify.account-update.com,32,14,32,0,0,2,4,0,28,3,0,0,0,0,0,0,0,1,5.6,3.9209585933443494,0,1
http://download.file.com?id=5096,32,4,0,7,0,1,7,4,21,0,0,0,0,0,0,0,0,0,4.2,4.390319531114783,0,1
http://trojan.com?url=phishing.com,34,6,0,16,0,0,7,0,27,0,0,0,0,0,0,0,0,0,4.5,4.197325708706504,0,1
verify.phishing.com/login.php?id=4245,37,8,29,7,0,1,6,4,27,2,0,0,0,0,0,0,0,2,4.5,4.293931663441729,0,1
http://download.file.com,24,4,0,0,0,1,5,0,19,0,0,0,0,0,0,0,0,0,4.75,3.9701755214643453,0,1
http://login.bank-secure.com,28,11,0,0,0,1,6,0,22,3,0,0,0,0,0,0,0,0,4.4,4.307354922057605,0,1
update.software.com,19,8,19,0,0,1,2,0,17,1,0,0,0,0,0,0,0,1,5.666666666666667,3.7216117239699003,0,1
secure.virus.com/install.bat,28,5,28,0,0,1,4,0,24,1,0,0,0,0,0,0,1,2,4.8,3.896291529045928,0,1
malware.com/file/abc123def456,29,7,29,0,0,0,3,6,20,0,0,0,0,0,0,0,0,3,4.0,4.185230132909402,0,1
http://bank.malware.tk,22,7,0,0,0,1,5,0,17,1,0,0,1,0,0,0,0,0,4.25,3.7544418457133446,0,1
http://virus.cf,15,5,0,0,0,0,4,0,11,0,0,0,1,0,0,0,0,0,3.6666666666666665,3.640223928941851,0,1
http://is.gd/evil,17,2,5,0,0,0,5,0,12,0,0,0,0,0,0,0,0,1,3.0,3.572469458770136,0,1
http://secure.trojan.gq?id=3277,31,6,0,7,0,1,7,4,20,1,0,0,1,0,0,0,0,0,4.0,4.47823219741386,0,1
update.malware.com/download.exe?id=6779,39,7,31,7,0,1,6,4,29,1,0,0,0,0,0,0,1,2,4.833333333333333,4.221049013623095,0,1
login.v.gd/malware,18,1,18,0,0,1,3,0,15,1,0,0,0,0,0,0,0,2,3.75,3.7254805569978675,0,1
login.t.co/harmful,18,1,18,0,0,1,3,0,15,1,0,0,0,0,0,0,0,2,3.75,3.8365916681089787,0,1
http://login.dangerous.ml,25,9,0,0,0,1,5,0,20,1,0,0,1,0,0,0,0,0,5.0,4.083856189774723,0,1
192.168.1.100,13,13,13,0,0,0,3,10,0,0,1,0,0,0,0,0,0,1,0.0,2.565448371820826,1,1
virus.com/install.bat,21,5,21,0,0,0,3,0,18,0,0,0,0,0,0,0,1,2,4.5,3.8208888513501886,0,1
scam.com?link=dangerous.com?id=1075,35,4,8,26,0,0,6,4,25,0,0,0,0,0,0,0,0,1,4.166666666666667,4.264578373902381,0,1
http://update.phishing.ml,25,8,0,0,0,1,5,0,20,1,0,0,1,0,0,0,0,0,5.0,3.8332696895151073,0,1
secure.scam.ga,14,4,14,0,0,1,2,0,12,1,0,0,1,0,0,0,0,1,4.0,3.09306920777189,0,1
http://secure.malicious.tk,26,9,0,0,0,1,5,0,21,1,0,0,1,0,0,0,0,0,5.25,3.9790978911348045,0,1
update.hack.com/admin.php,25,4,25,0,0,1,4,0,21,1,0,0,0,0,0,0,0,2,4.2,3.7532696895151076,0,1
secure.trojan.com/run.cmd?id=5551,33,6,25,7,0,1,6,4,23,1,0,0,0,0,0,0,1,2,3.8333333333333335,4.104407755459851,0,1
secure.banking.com,18,7,18,0,0,1,2,0,16,2,0,0,0,0,0,0,0,1,5.333333333333333,3.7254805569978675,0,1
http://download.download.file.com?id=2488,41,4,0,7,0,2,8,4,29,0,0,0,0,0,0,0,0,0,4.833333333333333,4.217818932588802,0,1
http://malware.com/download.exe?id=1378,39,7,13,7,0,0,8,4,27,0,0,0,0,0,0,0,1,1,4.5,4.419391000636162,0,1
v.gd/malware,12,1,12,0,0,0,2,0,10,0,0,0,0,0,0,0,0,2,3.3333333333333335,3.4182958340544896,0,1
http://virus.com/install.bat,28,5,12,0,0,0,6,0,22,0,0,0,0,0,0,0,1,1,4.4,3.99468036840891,0,1
virus.com/download/1234567890abcdef,35,5,35,0,0,0,3,10,22,0,0,0,0,0,0,0,0,3,5.5,4.686146588249908,0,1
http://update.v.gd/malware?id=4915,34,1,8,7,0,1,8,4,22,1,0,0,0,0,0,0,0,1,3.6666666666666665,4.3515937233487545,0,1
hack.com/admin.php,18,4,18,0,0,0,3,0,15,0,0,0,0,0,0,0,0,2,3.75,3.5032583347756456,0,1
172.16.0.1,10,10,10,0,0,0,3,7,0,0,1,0,0,0,0,0,0,1,0.0,2.3709505944546683,1,1
verify.malicious.tk,19,9,19,0,0,1,2,0,17,1,0,0,1,0,0,0,0,1,5.666666666666667,3.8924071185928746,0,1
malware.com/download.exe,24,7,24,0,0,0,3,0,21,0,0,0,0,0,0,0,1,2,5.25,3.5739348962840563,0,1
phishing.ml?id=6231,19,8,11,7,0,0,3,4,12,0,0,0,1,0,0,0,0,1,4.0,3.8924071185928746,0,1
http://bank.v.gd/malware,24,1,8,0,0,1,6,0,18,1,0,0,0,0,0,0,0,1,3.6,4.0220552088742005,0,1
login.virus.com?goto=malicious.com,34,5,15,18,0,1,5,0,29,1,0,0,0,0,0,0,0,1,4.833333333333333,3.7411558556380644,0,1
http://phishing.ml,18,8,0,0,0,0,4,0,14,0,0,0,1,0,0,0,0,0,4.666666666666667,3.4613201402110083,0,1
virus.com?goto=malicious.com,28,5,9,18,0,0,4,0,24,0,0,0,0,0,0,0,0,1,4.8,3.6689869584530603,0,1
http://update.software.com,26,8,0,0,0,1,5,0,21,1,0,0,0,0,0,0,0,0,5.25,3.931208948910322,0,1
download.bit.ly/malicious,25,3,25,0,0,1,3,0,22,0,0,1,0,0,0,0,0,2,5.5,3.833269689515107,0,1
verify.malware.com?redirect=evil.com,36,7,18,17,0,1,5,0,31,1,0,0,0,0,0,0,0,1,5.166666666666667,3.8746697102453482,0,1
http://verify.infected.ga,25,8,0,0,0,1,5,0,20,1,0,0,1,0,0,0,0,0,5.0,3.943465189601646,0,1
http://verify.virus.com/install.bat?id=6719,43,5,12,7,0,1,9,4,30,1,0,0,0,0,0,0,1,1,4.285714285714286,4.600456033671239,0,1
http://update.v.gd/malware?id=3709,34,1,8,7,0,1,8,4,22,1,0,0,0,0,0,0,0,1,3.6666666666666665,4.3515937233487545,0,1
http://update.software.com,26,8,0,0,0,1,5,0,21,1,0,0,0,0,0,0,0,0,5.25,3.931208948910322,0,1
bank.virus.com?goto=malicious.com,33,5,14,18,0,1,5,0,28,1,0,0,0,0,0,0,0,1,4.666666666666667,3.9344186501738876,0,1
verify.malware.tk?id=9607,25,7,17,7,0,1,4,4,17,1,0,0,1,0,0,0,0,1,4.25,4.243856189774723,0,1
http://trojan.gq,16,6,0,0,0,0,4,0,12,0,0,0,1,0,0,0,0,0,4.0,3.577819531114783,0,1
verify.dangerous.ml,19,9,19,0,0,1,2,0,17,1,0,0,1,0,0,0,0,1,5.666666666666667,3.932138039759373,0,1
verify.dangerous.ml?id=9311,27,9,19,7,0,1,4,4,19,1,0,0,1,0,0,0,0,1,4.75,4.310443057719026,0,1
http://secure.trojan.com/install/a1b2c3d4e5f6,45,6,21,0,0,1,7,6,32,1,0,0,0,0,0,0,0,2,2.909090909090909,4.55263837396322,0,1
update.scam.com?link=dangerous.com,34,4,15,18,0,1,5,0,29,1,0,0,0,0,0,0,0,1,4.833333333333333,4.094097032108653,0,1
is.gd/evil,10,2,10,0,0,0,2,0,8,0,0,0,0,0,0,0,0,2,2.6666666666666665,3.121928094887362,0,1
verify.phishing.ml,18,8,18,0,0,1,2,0,16,1,0,0,1,0,0,0,0,1,5.333333333333333,3.6835423624332306,0,1
http://download.file.com,24,4,0,0,0,1,5,0,19,0,0,0,0,0,0,0,0,0,4.75,3.9701755214643453,0,1
http://login.malicious.tk,25,9,0,0,0,1,5,0,20,1,0,0,1,0,0,0,0,0,5.0,3.9434651896016457,0,1
malware.com/download.exe?id=6936,32,7,24,7,0,0,5,4,23,0,0,0,0,0,0,0,1,2,4.6,4.093139062229566,0,1
verify.dangerous.ml,19,9,19,0,0,1,2,0,17,1,0,0,1,0,0,0,0,1,5.666666666666667,3.932138039759373,0,1
http://update.update.software.com,33,8,0,0,0,2,6,0,27,1,0,0,0,0,0,0,0,0,5.4,3.873812589567827,0,1
scam.com?link=dangerous.com,27,4,8,18,0,0,4,0,23,0,0,0,0,0,0,0,0,1,4.6,3.9302703722934553,0,1
http://verify.account-update.com?id=8815,40,14,0,7,0,1,8,4,28,3,0,0,0,0,0,0,0,0,4.666666666666667,4.503055907333275,0,1
hack.com/admin.php,18,4,18,0,0,0,3,0,15,0,0,0,0,0,0,0,0,2,3.75,3.5032583347756456,0,1
update.8.8.8.8,14,1,14,0,0,4,4,4,6,1,1,0,0,0,0,0,0,1,6.0,2.664497779200461,1,1
http://scam.com/verify.html,27,4,12,0,0,0,6,0,21,1,0,0,0,0,0,0,0,1,4.2,4.004344446367528,0,1
http://malware.com/file/abc123def456,36,7,18,0,0,0,6,6,24,0,0,0,0,0,0,0,0,2,4.0,4.405764584655452,0,1
http://192.168.1.100,20,13,0,0,0,0,6,10,4,0,1,0,0,0,0,0,0,0,4.0,3.384183719779189,1,1
bank.login.bank-secure.com,26,11,26,0,0,2,4,0,22,3,0,0,0,0,0,0,0,1,4.4,3.8731406795131322,0,1
login.bank-secure.com?id=1453,29,11,21,7,0,1,5,4,20,3,0,0,0,0,0,0,0,1,4.0,4.444187891679296,0,1
malware.com?redirect=evil.com,29,7,11,17,0,0,4,0,25,0,0,0,0,0,0,0,0,1,5.0,3.7454064259382482,0,1
http://bank.dangerous.ml?id=8964,32,9,0,7,0,1,7,4,21,1,0,0,1,0,0,0,0,0,4.2,4.625,0,1
update.malware.tk,17,7,17,0,0,1,2,0,15,1,0,0,1,0,0,0,0,1,5.0,3.4548223999466066,0,1
phishing.com/login.php,22,8,22,0,0,0,3,0,19,1,0,0,0,0,0,0,0,2,4.75,3.4474015047059146,0,1
download.update.software.com,28,8,28,0,0,2,3,0,25,1,0,0,0,0,0,0,0,1,6.25,3.7979026896829473,0,1
http://192.168.1.100,20,13,0,0,0,0,6,10,4,0,1,0,0,0,0,0,0,0,4.0,3.384183719779189,1,1
trojan.com?url=phishing.com,27,6,10,16,0,0,4,0,23,0,0,0,0,0,0,0,0,1,4.6,4.060262039120378,0,1
infected.ga,11,8,11,0,0,0,1,0,10,0,0,0,1,0,0,0,0,1,5.0,3.277613436819116,0,1
goo.gl/suspicious?id=7242,25,3,17,7,0,0,4,4,17,0,0,1,0,0,0,0,0,2,4.25,3.8332696895151073,0,1
http://verify.phishing.com/login.php,36,8,10,0,0,1,7,0,29,2,0,0,0,0,0,0,0,1,4.833333333333333,4.016875695766563,0,1
verify.verify.account-update.com?id=2385,40,14,32,7,0,2,6,4,30,3,0,0,0,0,0,0,0,1,5.0,4.396439344671015,0,1
verify.account-update.com,25,14,25,0,0,1,3,0,22,3,0,0,0,0,0,0,0,1,5.5,3.973660689688185,0,1
http://login.malware.com?redirect=evil.com,42,7,0,17,0,1,8,0,34,1,0,0,0,0,0,0,0,0,4.857142857142857,4.200910279509529,0,1
http://bank.hack.com/admin.php,30,4,10,0,0,1,7,0,23,1,0,0,0,0,0,0,0,1,3.8333333333333335,3.7810760119146067,0,1
http://update.malware.com/download.exe,38,7,13,0,0,1,7,0,31,1,0,0,0,0,0,0,1,1,5.166666666666667,3.990705473685234,0,1
update.malicious.tk,19,9,19,0,0,1,2,0,17,1,0,0,1,0,0,0,0,1,5.666666666666667,3.7216117239699,0,1
http://tinyurl.com/dangerous,28,7,10,0,0,0,5,0,23,0,0,1,0,0,0,0,0,1,5.75,4.182005814760214,0,1
download.login.bank-secure.com,30,11,30,0,0,2,4,0,26,3,0,0,0,0,0,0,0,1,5.2,3.9898980954642878,0,1
malware.com/file/abc123def456?id=2758,37,7,29,7,0,0,5,10,22,0,0,0,0,0,0,0,0,3,3.6666666666666665,4.465945933079575,0,1
update.install.program.com,26,7,26,0,0,2,3,0,23,1,0,0,0,0,0,0,0,1,5.75,3.8731406795131327,0,1
download.goo.gl/suspicious?id=8015,34,3,26,7,0,1,5,4,25,0,0,1,0,0,0,0,0,2,5.0,4.091159812399539,0,1
malicious.tk,12,9,12,0,0,0,1,0,11,0,0,0,1,0,0,0,0,1,5.5,3.418295834054489,0,1
update.download.file.com,24,4,24,0,0,2,3,0,21,1,0,0,0,0,0,0,0,1,5.25,3.7406015629507228,0,1
secure.trojan.com/run.cmd,25,6,25,0,0,1,4,0,21,1,0,0,0,0,0,0,1,2,4.2,3.6732696895151076,0,1
http://hack.com/admin.php,25,4,10,0,0,0,6,0,19,0,0,0,0,0,0,0,0,1,3.8,3.6732696895151076,0,1
update.download.file.com,24,4,24,0,0,2,3,0,21,1,0,0,0,0,0,0,0,1,5.25,3.7406015629507228,0,1
http://virus.com/download/1234567890abcdef?id=2127,50,5,26,7,0,0,8,14,28,0,0,0,0,0,0,0,0,2,4.666666666666667,4.893660689688187,0,1
download.login.bank-secure.com,30,11,30,0,0,2,4,0,26,3,0,0,0,0,0,0,0,1,5.2,3.9898980954642878,0,1
http://hacked.cf,16,6,0,0,0,0,4,0,12,0,0,0,1,0,0,0,0,0,4.0,3.5,0,1
update.login.bank-secure.com?id=6802,36,11,28,7,0,2,6,4,26,4,0,0,0,0,0,0,0,1,4.333333333333333,4.516875695766563,0,1
http://scam.ga,14,4,0,0,0,0,4,0,10,0,0,0,1,0,0,0,0,0,3.3333333333333335,3.378783493486176,0,1
bank.t.co/harmful,17,1,17,0,0,1,3,0,14,1,0,0,0,0,0,0,0,2,3.5,3.8521687236032816,0,1
bank.trojan.com?url=phishing.com,32,6,15,16,0,1,5,0,27,1,0,0,0,0,0,0,0,1,4.5,4.179229296672174,0,1
http://t.co/harmful?id=5761,27,1,8,7,0,0,7,4,16,0,0,0,0,0,0,0,0,1,3.2,4.32859953904025,0,1
http://scam.com?link=dangerous.com,34,4,0,18,0,0,7,0,27,0,0,0,0,0,0,0,0,0,4.5,4.314972767530033,0,1
update.virus.com/install.bat,28,5,28,0,0,1,4,0,24,1,0,0,0,0,0,0,1,2,4.8,4.012188403968661,0,1
192.168.1.100?id=9747,21,13,13,7,0,0,5,14,2,0,1,0,0,0,0,0,0,1,2.0,3.4992275417233567,1,1
update.trojan.com/install/a1b2c3d4e5f6,38,6,38,0,0,1,4,6,28,1,0,0,0,0,0,0,0,3,2.8,4.491219947597179,0,1
secure.trojan.com?url=phishing.com,34,6,17,16,0,1,5,0,29,1,0,0,0,0,0,0,0,1,4.833333333333333,4.1162996057016965,0,1
malware.com/file/abc123def456,29,7,29,0,0,0,3,6,20,0,0,0,0,0,0,0,0,3,4.0,4.185230132909402,0,1
http://bank.malicious.tk?id=9401,32,9,0,7,0,1,7,4,21,1,0,0,1,0,0,0,0,0,4.2,4.452819531114783,0,1
bank.is.gd/evil,15,2,15,0,0,1,3,0,12,1,0,0,0,0,0,0,0,2,3.0,3.640223928941851,0,1
verify.phishing.com/login.php,29,8,29,0,0,1,4,0,25,2,0,0,0,0,0,0,0,2,5.0,3.8833374604210067,0,1
v.gd/malware?id=6620,20,1,12,7,0,0,4,4,12,0,0,0,0,0,0,0,0,2,3.0,4.021928094887363,0,1
dangerous.ml,12,9,12,0,0,0,1,0,11,0,0,0,1,0,0,0,0,1,5.5,3.584962500721156,0,1
update.software.com,19,8,19,0,0,1,2,0,17,1,0,0,0,0,0,0,0,1,5.666666666666667,3.7216117239699003,0,1
http://t.co/harmful,19,1,8,0,0,0,5,0,14,0,0,0,0,0,0,0,0,1,3.5,3.642149881636903,0,1
verify.dangerous.ml,19,9,19,0,0,1,2,0,17,1,0,0,1,0,0,0,0,1,5.666666666666667,3.932138039759373,0,1
http://172.16.0.1,17,10,0,0,0,0,6,7,4,0,1,0,0,0,0,0,0,0,4.0,3.2927701939369904,1,1
trojan.gq?id=1098,17,6,9,7,0,0,3,4,10,0,0,0,1,0,0,0,0,1,3.3333333333333335,4.08746284125034,0,1
secure.banking.com,18,7,18,0,0,1,2,0,16,2,0,0,0,0,0,0,0,1,5.333333333333333,3.7254805569978675,0,1
hacked.cf,9,6,9,0,0,0,1,0,8,0,0,0,1,0,0,0,0,1,4.0,2.94770277922009,0,1
http://login.secure.banking.com,31,7,0,0,0,2,6,0,25,3,0,0,0,0,0,0,0,0,5.0,4.195816471537619,0,1
http://bank.trojan.gq,21,6,0,0,0,1,5,0,16,1,0,0,1,0,0,0,0,0,4.0,3.784941827437642,0,1
http://verify.account-update.com,32,14,0,0,0,1,6,0,26,3,0,0,0,0,0,0,0,0,5.2,4.163909765557392,0,1
update.software.com,19,8,19,0,0,1,2,0,17,1,0,0,0,0,0,0,0,1,5.666666666666667,3.7216117239699003,0,1
http://v.gd/malware,19,1,8,0,0,0,5,0,14,0,0,0,0,0,0,0,0,1,3.5,3.7871439606981383,0,1
http://verify.login.bank-secure.com,35,11,0,0,0,2,7,0,28,4,0,0,0,0,0,0,0,0,4.666666666666667,4.4575751596784805,0,1
malware.com?redirect=evil.com?id=1990,37,7,11,25,0,0,6,4,27,0,0,0,0,0,0,0,0,1,4.5,4.046762824854522,0,1
download.hacked.cf,18,6,18,0,0,1,2,0,16,0,0,0,1,0,0,0,0,1,5.333333333333333,3.4613201402110083,0,1
is.gd/evil,10,2,10,0,0,0,2,0,8,0,0,0,0,0,0,0,0,2,2.6666666666666665,3.121928094887362,0,1
http://malware.com?redirect=evil.com,36,7,0,17,0,0,7,0,29,0,0,0,0,0,0,0,0,0,4.833333333333333,4.0860486123130375,0,1
download.update.software.com?id=1517,36,8,28,7,0,2,5,4,27,1,0,0,0,0,0,0,0,1,5.4,4.2390979179887855,0,1
download.virus.com/install.bat,30,5,30,0,0,1,4,0,26,0,0,0,0,0,0,0,1,2,5.2,3.9395722619867226,0,1
virus.com/download/1234567890abcdef,35,5,35,0,0,0,3,10,22,0,0,0,0,0,0,0,0,3,5.5,4.686146588249908,0,1
http://bank.v.gd/malware?id=9359,32,1,8,7,0,1,8,4,20,1,0,0,0,0,0,0,0,1,3.3333333333333335,4.452819531114783,0,1
phishing.ml?id=1065,19,8,11,7,0,0,3,4,12,0,0,0,1,0,0,0,0,1,4.0,3.8924071185928746,0,1
http://virus.com/download/1234567890abcdef,42,5,26,0,0,0,6,10,26,0,0,0,0,0,0,0,0,2,5.2,4.832560875056692,0,1
http://download.secure.banking.com,34,7,0,0,0,2,6,0,28,2,0,0,0,0,0,0,0,0,5.6,4.314972767530033,0,1
login.hack.com/admin.php,24,4,24,0,0,1,4,0,20,1,0,0,0,0,0,0,0,2,4.0,3.720175521464345,0,1
update.software.com,19,8,19,0,0,1,2,0,17,1,0,0,0,0,0,0,0,1,5.666666666666667,3.7216117239699003,0,1
http://malware.tk,17,7,0,0,0,0,4,0,13,0,0,0,1,0,0,0,0,0,4.333333333333333,3.572469458770136,0,1
http://bank.phishing.com/login.php,34,8,10,0,0,1,7,0,27,2,0,0,0,0,0,0,0,1,4.5,3.881005488054637,0,1
secure.install.program.com?id=6390,34,7,26,7,0,2,5,4,25,1,0,0,0,0,0,0,0,1,5.0,4.337175341123077,0,1
http://virus.com?goto=malicious.com,35,5,0,18,0,0,7,0,28,0,0,0,0,0,0,0,0,0,4.666666666666667,4.025591860285232,0,1
verify.trojan.gq,16,6,16,0,0,1,2,0,14,1,0,0,1,0,0,0,0,1,4.666666666666667,3.75,0,1
http://8.8.8.8,14,7,0,0,0,0,6,4,4,0,1,0,0,0,0,0,0,0,4.0,2.610577243331642,1,1
bank.8.8.8.8,12,1,12,0,0,4,4,4,4,1,1,0,0,0,0,0,0,1,4.0,2.251629167387823,1,1
http://update.v.gd/malware,26,1,8,0,0,1,6,0,20,1,0,0,0,0,0,0,0,1,4.0,3.8441065448145375,0,1
t.co/harmful?id=9178,20,1,12,7,0,0,4,4,12,0,0,0,0,0,0,0,0,2,3.0,4.321928094887363,0,1
http://hack.com/admin.php,25,4,10,0,0,0,6,0,19,0,0,0,0,0,0,0,0,1,3.8,3.6732696895151076,0,1
http://download.virus.cf,24,5,0,0,0,1,5,0,19,0,0,0,1,0,0,0,0,0,4.75,4.16829583405449,0,1
download.virus.com/install.bat,30,5,30,0,0,1,4,0,26,0,0,0,0,0,0,0,1,2,5.2,3.9395722619867226,0,1
login.goo.gl/suspicious,23,3,23,0,0,1,3,0,20,1,0,1,0,0,0,0,0,2,5.0,3.2946635862096043,0,1
virus.com/download/1234567890abcdef,35,5,35,0,0,0,3,10,22,0,0,0,0,0,0,0,0,3,5.5,4.686146588249908,0,1
http://update.malware.com/download.exe,38,7,13,0,0,1,7,0,31,1,0,0,0,0,0,0,1,1,5.166666666666667,3.990705473685234,0,1
http://goo.gl/suspicious?id=6294,32,3,11,7,0,0,7,4,21,0,0,1,0,0,0,0,0,1,4.2,4.155639062229566,0,1
http://phishing.com/login.php,29,8,10,0,0,0,6,0,23,1,0,0,0,0,0,0,0,1,4.6,3.6335059949783677,0,1
login.dangerous.ml?id=9545,26,9,18,7,0,1,4,4,18,1,0,0,1,0,0,0,0,1,4.5,4.085055102756476,0,1
hacked.cf,9,6,9,0,0,0,1,0,8,0,0,0,1,0,0,0,0,1,4.0,2.94770277922009,0,1
malware.com?redirect=evil.com,29,7,11,17,0,0,4,0,25,0,0,0,0,0,0,0,0,1,5.0,3.7454064259382482,0,1
update.scam.com/verify.html,27,4,27,0,0,1,4,0,23,2,0,0,0,0,0,0,0,2,4.6,4.106377316818028,0,1
bank.verify.account-update.com?id=3060,38,14,30,7,0,2,6,4,28,4,0,0,0,0,0,0,0,1,4.666666666666667,4.45148902643068,0,1
http://download.file.com,24,4,0,0,0,1,5,0,19,0,0,0,0,0,0,0,0,0,4.75,3.9701755214643453,0,1
login.bank-secure.com,21,11,21,0,0,1,3,0,18,3,0,0,0,0,0,0,0,1,4.5,3.9161269465882835,0,1
login.infected.ga?id=2237,25,8,17,7,0,1,4,4,17,1,0,0,1,0,0,0,0,1,4.25,3.9736606896881845,0,1
http://t.co/harmful,19,1,8,0,0,0,5,0,14,0,0,0,0,0,0,0,0,1,3.5,3.642149881636903,0,1
update.verify.account-update.com?id=5059,40,14,32,7,0,2,6,4,30,3,0,0,0,0,0,0,0,1,5.0,4.2898227820087556,0,1
login.10.0.0.1,14,1,14,0,0,4,4,5,5,1,1,0,0,0,0,0,0,1,5.0,2.7534343861887853,1,1
virus.com/download/1234567890abcdef,35,5,35,0,0,0,3,10,22,0,0,0,0,0,0,0,0,3,5.5,4.686146588249908,0,1
t.co/harmful,12,1,12,0,0,0,2,0,10,0,0,0,0,0,0,0,0,2,3.3333333333333335,3.584962500721156,0,1
http://secure.install.program.com,33,7,0,0,0,2,6,0,27,1,0,0,0,0,0,0,0,0,5.4,4.066677073707229,0,1
192.168.1.100?id=9294,21,13,13,7,0,0,5,14,2,0,1,0,0,0,0,0,0,1,2.0,3.368042422572715,1,1
http://update.192.168.1.100,27,3,0,0,0,4,7,10,10,1,1,0,0,0,0,0,0,0,5.0,3.763965742824081,1,1
malicious.tk?id=6534,20,9,12,7,0,0,3,4,13,0,0,0,1,0,0,0,0,1,4.333333333333333,4.084183719779189,0,1
http://update.trojan.com?url=phishing.com,41,6,0,16,0,1,8,0,33,1,0,0,0,0,0,0,0,0,4.714285714285714,4.308294687333842,0,1
secure.update.software.com,26,8,26,0,0,2,3,0,23,2,0,0,0,0,0,0,0,1,5.75,3.671405583442497,0,1
download.install.program.com,28,7,28,0,0,2,3,0,25,0,0,0,0,0,0,0,0,1,6.25,3.7264741182543752,0,1
tinyurl.com/dangerous,21,7,21,0,0,0,2,0,19,0,0,1,0,0,0,0,0,2,6.333333333333333,4.011365041826378,0,1
http://verify.phishing.ml,25,8,0,0,0,1,5,0,20,1,0,0,1,0,0,0,0,0,5.0,3.9434651896016457,0,1
http://virus.com?goto=malicious.com,35,5,0,18,0,0,7,0,28,0,0,0,0,0,0,0,0,0,4.666666666666667,4.025591860285232,0,1
phishing.ml?id=6821,19,8,11,7,0,0,3,4,12,0,0,0,1,0,0,0,0,1,4.0,3.8924071185928746,0,1
scam.com?link=dangerous.com,27,4,8,18,0,0,4,0,23,0,0,0,0,0,0,0,0,1,4.6,3.9302703722934553,0,1
http://v.gd/malware,19,1,8,0,0,0,5,0,14,0,0,0,0,0,0,0,0,1,3.5,3.7871439606981383,0,1
update.virus.cf,15,5,15,0,0,1,2,0,13,1,0,0,1,0,0,0,0,1,4.333333333333333,3.6402239289418516,0,1
login.bank-secure.com,21,11,21,0,0,1,3,0,18,3,0,0,0,0,0,0,0,1,4.5,3.9161269465882835,0,1
goo.gl/suspicious,17,3,17,0,0,0,2,0,15,0,0,1,0,0,0,0,0,2,5.0,3.1751231351134614,0,1
http://infected.ga?id=5317,26,8,0,7,0,0,6,4,16,0,0,0,1,0,0,0,0,0,4.0,4.2098671219040344,0,1
update.hacked.cf,16,6,16,0,0,1,2,0,14,1,0,0,1,0,0,0,0,1,4.666666666666667,3.375,0,1
http://trojan.gq,16,6,0,0,0,0,4,0,12,0,0,0,1,0,0,0,0,0,4.0,3.577819531114783,0,1
http://secure.scam.com/verify.html,34,4,12,0,0,1,7,0,27,2,0,0,0,0,0,0,0,1,4.5,4.07189445851561,0,1
http://verify.account-update.com,32,14,0,0,0,1,6,0,26,3,0,0,0,0,0,0,0,0,5.2,4.163909765557392,0,1
http://malware.com/file/abc123def456,36,7,18,0,0,0,6,6,24,0,0,0,0,0,0,0,0,2,4.0,4.405764584655452,0,1
bank.virus.cf,13,5,13,0,0,1,2,0,11,1,0,0,1,0,0,0,0,1,3.6666666666666665,3.5465935642949384,0,1
download.virus.com/download/1234567890abcdef?id=2617,52,5,44,7,0,1,6,14,32,0,0,0,0,0,0,0,0,3,5.333333333333333,4.664395430046338,0,1
scam.ga?id=1281,15,4,7,7,0,0,3,4,8,0,0,0,1,0,0,0,0,1,2.6666666666666665,3.640223928941852,0,1
scam.com/verify.html,20,4,20,0,0,0,3,0,17,1,0,0,0,0,0,0,0,2,4.25,3.884183719779189,0,1
http://download.trojan.com?url=phishing.com,43,6,0,16,0,1,8,0,35,0,0,0,0,0,0,0,0,0,5.0,4.295353348118593,0,1
http://update.192.168.1.100,27,3,0,0,0,4,7,10,10,1,1,0,0,0,0,0,0,0,5.0,3.763965742824081,1,1
bank.malware.com/download.exe,29,7,29,0,0,1,4,0,25,1,0,0,0,0,0,0,1,2,5.0,3.745406425938248,0,1
bank.hack.com/admin.php?id=7403,31,4,23,7,0,1,6,4,21,1,0,0,0,0,0,0,0,2,3.5,4.1313003425053605,0,1
bank.phishing.com/login.php,27,8,27,0,0,1,4,0,23,2,0,0,0,0,0,0,0,2,4.6,3.7262046313924566,0,1
bank.virus.com?goto=malicious.com?id=6250,41,5,14,26,0,1,7,4,30,1,0,0,0,0,0,0,0,1,4.285714285714286,4.287447053863761,0,1
tinyurl.com/dangerous?id=1653,29,7,21,7,0,0,4,4,21,0,0,1,0,0,0,0,0,2,5.25,4.444187891679296,0,1
update.malware.com/file/abc123def456,36,7,36,0,0,1,4,6,26,1,0,0,0,0,0,0,0,3,4.333333333333333,4.336591668108977,0,1
virus.com?goto=malicious.com?id=5705,36,5,9,26,0,0,6,4,26,0,0,0,0,0,0,0,0,1,4.333333333333333,4.027719015921097,0,1
http://infected.ga?id=5413,26,8,0,7,0,0,6,4,16,0,0,0,1,0,0,0,0,0,4.0,4.2098671219040344,0,1
virus.com/install.bat?id=9223,29,5,21,7,0,0,5,4,20,0,0,0,0,0,0,0,1,2,4.0,4.28022625367366,0,1
secure.malicious.tk,19,9,19,0,0,1,2,0,17,1,0,0,1,0,0,0,0,1,5.666666666666667,3.616348566075163,0,1
install.program.com?id=1017,27,7,19,7,0,1,4,4,19,0,0,0,0,0,0,0,0,1,4.75,4.162294909570877,0,1
install.program.com,19,7,19,0,0,1,2,0,17,0,0,0,0,0,0,0,0,1,5.666666666666667,3.616348566075164,0,1
virus.com/download/1234567890abcdef?id=7662,43,5,35,7,0,0,5,14,24,0,0,0,0,0,0,0,0,3,4.8,4.739990917392168,0,1
bank.malicious.tk,17,9,17,0,0,1,2,0,15,1,0,0,1,0,0,0,0,1,5.0,3.6168746059562227,0,1
http://login.secure.banking.com?id=3629,39,7,0,7,0,2,8,4,27,3,0,0,0,0,0,0,0,0,4.5,4.6119493340804425,0,1
http://virus.cf?id=7764,23,5,0,7,0,0,6,4,13,0,0,0,1,0,0,0,0,0,3.25,4.1757358691004915,0,1
http://virus.com/install.bat,28,5,12,0,0,0,6,0,22,0,0,0,0,0,0,0,1,1,4.4,3.99468036840891,0,1
verify.account-update.com?id=7523,33,14,25,7,0,1,5,4,24,3,0,0,0,0,0,0,0,1,4.8,4.41545813444441,0,1
bank.virus.cf?id=3030,21,5,13,7,0,1,4,4,13,1,0,0,1,0,0,0,0,1,3.25,4.011365041826378,0,1
phishing.ml?id=9425,19,8,11,7,0,0,3,4,12,0,0,0,1,0,0,0,0,1,4.0,3.8924071185928746,0,1
trojan.com/run.cmd,18,6,18,0,0,0,3,0,15,0,0,0,0,0,0,0,1,2,3.75,3.503258334775645,0,1
update.secure.banking.com,25,7,25,0,0,2,3,0,22,3,0,0,0,0,0,0,0,1,5.5,3.9434651896016457,0,1
http://login.virus.com?goto=malicious.com,41,5,0,18,0,1,8,0,33,1,0,0,0,0,0,0,0,0,4.714285714285714,4.076348955520991,0,1
login.bank-secure.com,21,11,21,0,0,1,3,0,18,3,0,0,0,0,0,0,0,1,4.5,3.9161269465882835,0,1
http://secure.v.gd/malware?id=2599,34,1,8,7,0,1,8,4,22,1,0,0,0,0,0,0,0,1,3.6666666666666665,4.454822399946606,0,1
secure.malware.com/file/abc123def456,36,7,36,0,0,1,4,6,26,1,0,0,0,0,0,0,0,3,4.333333333333333,4.249941238143318,0,1
login.virus.com/install.bat,27,5,27,0,0,1,4,0,23,1,0,0,0,0,0,0,1,2,4.6,3.8561962982193805,0,1
is.gd/evil?id=8561,18,2,10,7,0,0,4,4,10,0,0,0,0,0,0,0,0,2,2.5,3.794653473544342,0,1
http://update.bit.ly/malicious,30,3,10,0,0,1,6,0,24,1,0,1,0,0,0,0,0,1,4.8,3.9898980954642873,0,1
http://trojan.com/run.cmd,25,6,8,0,0,0,6,0,19,0,0,0,0,0,0,0,1,1,3.8,3.7834651896016465,0,1
http://verify.account-update.com,32,14,0,0,0,1,6,0,26,3,0,0,0,0,0,0,0,0,5.2,4.163909765557392,0,1
phishing.com/login.php,22,8,22,0,0,0,3,0,19,1,0,0,0,0,0,0,0,2,4.75,3.4474015047059146,0,1
update.bit.ly/malicious,23,3,23,0,0,1,3,0,20,1,0,1,0,0,0,0,0,2,5.0,3.8820451081368628,0,1
http://secure.trojan.com?url=phishing.com,41,6,0,16,0,1,8,0,33,1,0,0,0,0,0,0,0,0,4.714285714285714,4.271470906740503,0,1
http://download.file.com,24,4,0,0,0,1,5,0,19,0,0,0,0,0,0,0,0,0,4.75,3.9701755214643453,0,1
http://is.gd/evil?id=2079,25,2,5,7,0,0,7,4,14,0,0,0,0,0,0,0,0,1,2.8,4.103465189601645,0,1
http://secure.update.software.com?id=3293,41,8,0,7,0,2,8,4,29,2,0,0,0,0,0,0,0,0,4.833333333333333,4.363530358223852,0,1
http://trojan.com/install/a1b2c3d4e5f6,38,6,21,0,0,0,6,6,26,0,0,0,0,0,0,0,0,2,2.6,4.491219947597179,0,1
bank.trojan.com?url=phishing.com?id=5687,40,6,15,24,0,1,7,4,29,1,0,0,0,0,0,0,0,1,4.142857142857143,4.496439344671016,0,1
bank.trojan.gq,14,6,14,0,0,1,2,0,12,1,0,0,1,0,0,0,0,1,4.0,3.3787834934861767,0,1
secure.banking.com?id=5235,26,7,18,7,0,1,4,4,18,2,0,0,0,0,0,0,0,1,4.5,4.23890125660263,0,1
secure.phishing.ml,18,8,18,0,0,1,2,0,16,1,0,0,1,0,0,0,0,1,5.333333333333333,3.6143694458867563,0,1
8.8.8.8,7,7,7,0,0,0,3,4,0,0,1,0,0,0,0,0,0,1,0.0,0.9852281360342515,1,1
download.download.file.com,26,4,26,0,0,2,3,0,23,0,0,0,0,0,0,0,0,1,5.75,3.3496929689578705,0,1
t.co/harmful,12,1,12,0,0,0,2,0,10,0,0,0,0,0,0,0,0,2,3.3333333333333335,3.584962500721156,0,1
http://virus.com/install.bat,28,5,12,0,0,0,6,0,22,0,0,0,0,0,0,0,1,1,4.4,3.99468036840891,0,1
http://goo.gl/suspicious,24,3,11,0,0,0,5,0,19,0,0,1,0,0,0,0,0,1,4.75,3.573934896284056,0,1
http://bank.update.software.com?id=2635,39,8,0,7,0,2,8,4,27,2,0,0,0,0,0,0,0,0,4.5,4.580023372597455,0,1
secure.scam.ga,14,4,14,0,0,1,2,0,12,1,0,0,1,0,0,0,0,1,4.0,3.09306920777189,0,1
t.co/harmful?id=6521,20,1,12,7,0,0,4,4,12,0,0,0,0,0,0,0,0,2,3.0,4.321928094887363,0,1
http://login.virus.cf,21,5,0,0,0,1,5,0,16,1,0,0,1,0,0,0,0,0,4.0,4.011365041826378,0,1
scam.com?link=dangerous.com,27,4,8,18,0,0,4,0,23,0,0,0,0,0,0,0,0,1,4.6,3.9302703722934553,0,1
http://secure.virus.com?goto=malicious.com,42,5,0,18,0,1,8,0,34,1,0,0,0,0,0,0,0,0,4.857142857142857,4.103294434983104,0,1
http://infected.ga,18,8,0,0,0,0,4,0,14,0,0,0,1,0,0,0,0,0,4.666666666666667,3.6835423624332306,0,1
malicious.tk?id=5361,20,9,12,7,0,0,3,4,13,0,0,0,1,0,0,0,0,1,4.333333333333333,4.084183719779189,0,1
http://update.t.co/harmful,26,1,8,0,0,1,6,0,20,1,0,0,0,0,0,0,0,1,4.0,3.8252517372886503,0,1
http://bit.ly/malicious?id=4591,31,3,10,7,0,0,7,4,20,0,0,1,0,0,0,0,0,1,4.0,4.324848729602135,0,1
secure.trojan.com/install/a1b2c3d4e5f6?id=2416,46,6,38,7,0,1,6,10,30,1,0,0,0,0,0,0,0,3,2.727272727272727,4.604764945046352,0,1
scam.ga,7,4,7,0,0,0,1,0,6,0,0,0,1,0,0,0,0,1,3.0,2.5216406363433186,0,1
http://10.0.0.1?id=6161,23,8,0,7,0,0,8,9,6,0,1,0,0,0,0,0,0,0,3.0,3.501397825434103,1,1
login.malware.tk,16,7,16,0,0,1,2,0,14,1,0,0,1,0,0,0,0,1,4.666666666666667,3.625,0,1
http://login.scam.com?link=dangerous.com,40,4,0,18,0,1,8,0,32,1,0,0,0,0,0,0,0,0,4.571428571428571,4.296439344671016,0,1
http://v.gd/malware,19,1,8,0,0,0,5,0,14,0,0,0,0,0,0,0,0,1,3.5,3.7871439606981383,0,1
bank.bit.ly/malicious,21,3,21,0,0,1,3,0,18,1,0,1,0,0,0,0,0,2,4.5,3.784941827437642,0,1
login.scam.com/verify.html,26,4,26,0,0,1,4,0,22,2,0,0,0,0,0,0,0,2,4.4,4.0269868333592855,0,1
secure.goo.gl/suspicious?id=5109,32,3,24,7,0,1,5,4,23,1,0,1,0,0,0,0,0,2,4.6,4.054229296672174,0,1
trojan.gq?id=1780,17,6,9,7,0,0,3,4,10,0,0,0,1,0,0,0,0,1,3.3333333333333335,4.08746284125034,0,1
hack.com/admin.php?id=9820,26,4,18,7,0,0,5,4,17,0,0,0,0,0,0,0,0,2,3.4,4.085055102756476,0,1
verify.malware.com/file/abc123def456,36,7,36,0,0,1,4,6,26,1,0,0,0,0,0,0,0,3,4.333333333333333,4.294653473544341,0,1
update.malware.tk,17,7,17,0,0,1,2,0,15,1,0,0,1,0,0,0,0,1,5.0,3.4548223999466066,0,1
http://hack.com/admin.php,25,4,10,0,0,0,6,0,19,0,0,0,0,0,0,0,0,1,3.8,3.6732696895151076,0,1
http://bit.ly/malicious,23,3,10,0,0,0,5,0,18,0,0,1,0,0,0,0,0,1,4.5,3.8164027166443875,0,1
bank.scam.com?link=dangerous.com,32,4,13,18,0,1,5,0,27,1,0,0,0,0,0,0,0,1,4.5,3.9834585933443494,0,1
172.16.0.1?id=9788,18,10,10,7,0,0,5,11,2,0,1,0,0,0,0,0,0,1,2.0,3.419381945646371,1,1
secure.scam.ga?id=6924,22,4,14,7,0,1,4,4,14,1,0,0,1,0,0,0,0,1,3.5,4.004886164091841,0,1
update.software.com,19,8,19,0,0,1,2,0,17,1,0,0,0,0,0,0,0,1,5.666666666666667,3.7216117239699003,0,1
t.co/harmful,12,1,12,0,0,0,2,0,10,0,0,0,0,0,0,0,0,2,3.3333333333333335,3.584962500721156,0,1
http://malware.com?redirect=evil.com,36,7,0,17,0,0,7,0,29,0,0,0,0,0,0,0,0,0,4.833333333333333,4.0860486123130375,0,1
malicious.tk?id=5659,20,9,12,7,0,0,3,4,13,0,0,0,1,0,0,0,0,1,4.333333333333333,3.9841837197791885,0,1
http://trojan.gq,16,6,0,0,0,0,4,0,12,0,0,0,1,0,0,0,0,0,4.0,3.577819531114783,0,1
verify.account-update.com,25,14,25,0,0,1,3,0,22,3,0,0,0,0,0,0,0,1,5.5,3.973660689688185,0,1
download.login.bank-secure.com,30,11,30,0,0,2,4,0,26,3,0,0,0,0,0,0,0,1,5.2,3.9898980954642878,0,1
malicious.tk,12,9,12,0,0,0,1,0,11,0,0,0,1,0,0,0,0,1,5.5,3.418295834054489,0,1
http://hacked.cf,16,6,0,0,0,0,4,0,12,0,0,0,1,0,0,0,0,0,4.0,3.5,0,1
login.is.gd/evil,16,2,16,0,0,1,3,0,13,1,0,0,0,0,0,0,0,2,3.25,3.327819531114783,0,1
malicious.tk,12,9,12,0,0,0,1,0,11,0,0,0,1,0,0,0,0,1,5.5,3.418295834054489,0,1
secure.scam.com?link=dangerous.com,34,4,15,18,0,1,5,0,29,1,0,0,0,0,0,0,0,1,4.833333333333333,3.917626443873359,0,1
http://tinyurl.com/dangerous,28,7,10,0,0,0,5,0,23,0,0,1,0,0,0,0,0,1,5.75,4.182005814760214,0,1
phishing.ml,11,8,11,0,0,0,1,0,10,0,0,0,1,0,0,0,0,1,5.0,3.0957952550009344,0,1
secure.virus.com?goto=malicious.com?id=5071,43,5,16,26,0,1,7,4,32,1,0,0,0,0,0,0,0,1,4.571428571428571,4.1558184643976634,0,1
install.program.com,19,7,19,0,0,1,2,0,17,0,0,0,0,0,0,0,0,1,5.666666666666667,3.616348566075164,0,1
http://bank.scam.com?link=dangerous.com?id=8620,47,4,0,26,0,1,10,4,33,1,0,0,0,0,0,0,0,0,4.125,4.607156404592941,0,1
http://goo.gl/suspicious?id=5739,32,3,11,7,0,0,7,4,21,0,0,1,0,0,0,0,0,1,4.2,4.155639062229566,0,1
download.bit.ly/malicious,25,3,25,0,0,1,3,0,22,0,0,1,0,0,0,0,0,2,5.5,3.833269689515107,0,1
phishing.ml,11,8,11,0,0,0,1,0,10,0,0,0,1,0,0,0,0,1,5.0,3.0957952550009344,0,1
verify.account-update.com,25,14,25,0,0,1,3,0,22,3,0,0,0,0,0,0,0,1,5.5,3.973660689688185,0,1
secure.malware.com/download.exe,31,7,31,0,0,1,4,0,27,1,0,0,0,0,0,0,1,2,5.4,3.732444601324706,0,1
http://secure.goo.gl/suspicious,31,3,11,0,0,1,6,0,25,1,0,1,0,0,0,0,0,1,5.0,3.7843684875968617,0,1
secure.virus.cf,15,5,15,0,0,1,2,0,13,1,0,0,1,0,0,0,0,1,4.333333333333333,3.1068905956085184,0,1
trojan.com/run.cmd?id=3013,26,6,18,7,0,0,5,4,17,0,0,0,0,0,0,0,1,2,3.4,4.085055102756477,0,1
http://malware.com/file/abc123def456?id=5855,44,7,18,7,0,0,8,10,26,0,0,0,0,0,0,0,0,2,3.7142857142857144,4.561482186720775,0,1
login.10.0.0.1,14,1,14,0,0,4,4,5,5,1,1,0,0,0,0,0,0,1,5.0,2.7534343861887853,1,1
http://8.8.8.8,14,7,0,0,0,0,6,4,4,0,1,0,0,0,0,0,0,0,4.0,2.610577243331642,1,1
update.tinyurl.com/dangerous,28,7,28,0,0,1,3,0,25,1,0,1,0,0,0,0,0,2,6.25,4.066108939837481,0,1
malicious.tk,12,9,12,0,0,0,1,0,11,0,0,0,1,0,0,0,0,1,5.5,3.418295834054489,0,1
http://login.update.software.com,32,8,0,0,0,2,6,0,26,2,0,0,0,0,0,0,0,0,5.2,4.202819531114783,0,1
verify.account-update.com?id=2445,33,14,25,7,0,1,5,4,24,3,0,0,0,0,0,0,0,1,4.8,4.354852073838349,0,1
login.scam.com/verify.html?id=8991,34,4,26,7,0,1,6,4,24,2,0,0,0,0,0,0,0,2,4.0,4.432619826353562,0,1
scam.com/verify.html,20,4,20,0,0,0,3,0,17,1,0,0,0,0,0,0,0,2,4.25,3.884183719779189,0,1
bank.hacked.cf,14,6,14,0,0,1,2,0,12,1,0,0,1,0,0,0,0,1,4.0,3.2359263506290334,0,1
verify.virus.com/install.bat,28,5,28,0,0,1,4,0,24,1,0,0,0,0,0,0,1,2,4.8,4.039148671903071,0,1
http://download.verify.account-update.com,41,14,0,0,0,2,7,0,34,3,0,0,0,0,0,0,0,0,5.666666666666667,4.259514199528964,0,1
http://virus.cf,15,5,0,0,0,0,4,0,11,0,0,0,1,0,0,0,0,0,3.6666666666666665,3.640223928941851,0,1
http://update.update.software.com,33,8,0,0,0,2,6,0,27,1,0,0,0,0,0,0,0,0,5.4,3.873812589567827,0,1
malicious.tk,12,9,12,0,0,0,1,0,11,0,0,0,1,0,0,0,0,1,5.5,3.418295834054489,0,1
secure.v.gd/malware,19,1,19,0,0,1,3,0,16,1,0,0,0,0,0,0,0,2,4.0,3.681880802803402,0,1
is.gd/evil,10,2,10,0,0,0,2,0,8,0,0,0,0,0,0,0,0,2,2.6666666666666665,3.121928094887362,0,1
update.download.file.com,24,4,24,0,0,2,3,0,21,1,0,0,0,0,0,0,0,1,5.25,3.7406015629507228,0,1
http://10.0.0.1?id=4332,23,8,0,7,0,0,8,9,6,0,1,0,0,0,0,0,0,0,3.0,3.7622673906514943,1,1
http://login.phishing.com/login.php,35,8,10,0,0,1,7,0,28,1,0,0,0,0,0,0,0,1,4.666666666666667,3.650013373778756,0,1
http://update.infected.ga,25,8,0,0,0,1,5,0,20,1,0,0,1,0,0,0,0,0,5.0,3.733660689688185,0,1
verify.is.gd/evil,17,2,17,0,0,1,3,0,14,1,0,0,0,0,0,0,0,2,3.5,3.4548223999466066,0,1
install.program.com,19,7,19,0,0,1,2,0,17,0,0,0,0,0,0,0,0,1,5.666666666666667,3.616348566075164,0,1
malware.com?redirect=evil.com,29,7,11,17,0,0,4,0,25,0,0,0,0,0,0,0,0,1,5.0,3.7454064259382482,0,1
http://malware.com/download.exe,31,7,13,0,0,0,6,0,25,0,0,0,0,0,0,0,1,1,5.0,3.953565664946427,0,1
trojan.gq?id=4350,17,6,9,7,0,0,3,4,10,0,0,0,1,0,0,0,0,1,3.3333333333333335,4.08746284125034,0,1
secure.172.16.0.1,17,1,17,0,0,4,4,7,6,1,1,0,0,0,0,0,0,1,6.0,3.2195282822995477,1,1
phishing.com/login.php?id=8594,30,8,22,7,0,0,5,4,21,1,0,0,0,0,0,0,0,2,4.2,4.056564762130955,0,1
virus.com?goto=malicious.com,28,5,9,18,0,0,4,0,24,0,0,0,0,0,0,0,0,1,4.8,3.6689869584530603,0,1
bit.ly/malicious,16,3,16,0,0,0,2,0,14,0,0,1,0,0,0,0,0,2,4.666666666666667,3.577819531114783,0,1
tinyurl.com/dangerous,21,7,21,0,0,0,2,0,19,0,0,1,0,0,0,0,0,2,6.333333333333333,4.011365041826378,0,1
http://update.malware.tk?id=1454,32,7,0,7,0,1,7,4,21,1,0,0,1,0,0,0,0,0,4.2,4.226409765557392,0,1
trojan.com?url=phishing.com,27,6,10,16,0,0,4,0,23,0,0,0,0,0,0,0,0,1,4.6,4.060262039120378,0,1
verify.10.0.0.1?id=8725,23,1,15,7,0,4,6,9,8,1,1,0,0,0,0,0,0,1,4.0,3.7950885863977324,1,1
virus.com?goto=malicious.com?id=7567,36,5,9,26,0,0,6,4,26,0,0,0,0,0,0,0,0,1,4.333333333333333,4.027719015921097,0,1
http://malware.com?redirect=evil.com,36,7,0,17,0,0,7,0,29,0,0,0,0,0,0,0,0,0,4.833333333333333,4.0860486123130375,0,1
http://login.verify.account-update.com,38,14,0,0,0,2,7,0,31,4,0,0,0,0,0,0,0,0,5.166666666666667,4.293594289588575,0,1
http://tinyurl.com/dangerous,28,7,10,0,0,0,5,0,23,0,0,1,0,0,0,0,0,1,5.75,4.182005814760214,0,1
secure.hack.com/admin.php?id=4566,33,4,25,7,0,1,6,4,23,1,0,0,0,0,0,0,0,2,3.8333333333333335,4.27137063437885,0,1
172.16.0.1,10,10,10,0,0,0,3,7,0,0,1,0,0,0,0,0,0,1,0.0,2.3709505944546683,1,1
bank.update.software.com,24,8,24,0,0,2,3,0,21,2,0,0,0,0,0,0,0,1,5.25,3.9387218755408675,0,1
http://192.168.1.100?id=8753,28,13,0,7,0,0,8,14,6,0,1,0,0,0,0,0,0,0,3.0,4.066108939837481,1,1
http://download.hack.com/admin.php,34,4,10,0,0,1,7,0,27,0,0,0,0,0,0,0,0,1,4.5,3.8732212966872726,0,1
http://download.install.program.com,35,7,0,0,0,2,6,0,29,0,0,0,0,0,0,0,0,0,5.8,4.014438730983427,0,1
login.scam.com?link=dangerous.com,33,4,14,18,0,1,5,0,28,1,0,0,0,0,0,0,0,1,4.666666666666667,3.9225895736416696,0,1
update.192.168.1.100,20,3,20,0,0,4,4,10,6,1,1,0,0,0,0,0,0,1,6.0,3.421928094887362,1,1
tinyurl.com/dangerous,21,7,21,0,0,0,2,0,19,0,0,1,0,0,0,0,0,2,6.333333333333333,4.011365041826378,0,1
malicious.tk,12,9,12,0,0,0,1,0,11,0,0,0,1,0,0,0,0,1,5.5,3.418295834054489,0,1
goo.gl/suspicious,17,3,17,0,0,0,2,0,15,0,0,1,0,0,0,0,0,2,5.0,3.1751231351134614,0,1
verify.account-update.com?id=6434,33,14,25,7,0,1,5,4,24,3,0,0,0,0,0,0,0,1,4.8,4.354852073838349,0,1
verify.virus.cf,15,5,15,0,0,1,2,0,13,1,0,0,1,0,0,0,0,1,4.333333333333333,3.2402239289418517,0,1
scam.ga,7,4,7,0,0,0,1,0,6,0,0,0,1,0,0,0,0,1,3.0,2.5216406363433186,0,1
secure.trojan.com/run.cmd,25,6,25,0,0,1,4,0,21,1,0,0,0,0,0,0,1,2,4.2,3.6732696895151076,0,1
t.co/harmful,12,1,12,0,0,0,2,0,10,0,0,0,0,0,0,0,0,2,3.3333333333333335,3.584962500721156,0,1
virus.com?goto=malicious.com,28,5,9,18,0,0,4,0,24,0,0,0,0,0,0,0,0,1,4.8,3.6689869584530603,0,1
10.0.0.1,8,8,8,0,0,0,3,5,0,0,1,0,0,0,0,0,0,1,0.0,1.561278124459133,1,1
http://192.168.1.100,20,13,0,0,0,0,6,10,4,0,1,0,0,0,0,0,0,0,4.0,3.384183719779189,1,1
http://tinyurl.com/dangerous?id=2455,36,7,10,7,0,0,7,4,25,0,0,1,0,0,0,0,0,1,5.0,4.516875695766563,0,1
v.gd/malware,12,1,12,0,0,0,2,0,10,0,0,0,0,0,0,0,0,2,3.3333333333333335,3.4182958340544896,0,1
http://update.tinyurl.com/dangerous,35,7,10,0,0,1,6,0,29,1,0,1,0,0,0,0,0,1,5.8,4.171860873964195,0,1
login.bank-secure.com,21,11,21,0,0,1,3,0,18,3,0,0,0,0,0,0,0,1,4.5,3.9161269465882835,0,1
bank.trojan.com/run.cmd?id=9271,31,6,23,7,0,1,6,4,21,1,0,0,0,0,0,0,1,2,3.5,4.260332600569877,0,1
update.10.0.0.1?id=9881,23,1,15,7,0,4,6,9,8,1,1,0,0,0,0,0,0,1,4.0,3.588354347173234,1,1
login.bank-secure.com,21,11,21,0,0,1,3,0,18,3,0,0,0,0,0,0,0,1,4.5,3.9161269465882835,0,1
http://update.malware.com?redirect=evil.com?id=5904,51,7,0,25,0,1,10,4,37,1,0,0,0,0,0,0,0,0,4.625,4.399996851979711,0,1
download.trojan.com/run.cmd,27,6,27,0,0,1,4,0,23,0,0,0,0,0,0,0,1,2,4.6,3.633974075997158,0,1
login.scam.com?link=dangerous.com,33,4,14,18,0,1,5,0,28,1,0,0,0,0,0,0,0,1,4.666666666666667,3.9225895736416696,0,1
http://virus.com/download/1234567890abcdef?id=9220,50,5,26,7,0,0,8,14,28,0,0,0,0,0,0,0,0,2,4.666666666666667,4.893660689688186,0,1
secure.banking.com?id=6175,26,7,18,7,0,1,4,4,18,2,0,0,0,0,0,0,0,1,4.5,4.315824333525707,0,1
download.malware.com/download.exe,33,7,33,0,0,1,4,0,29,0,0,0,0,0,0,0,1,2,5.8,3.5101762259314633,0,1
secure.is.gd/evil,17,2,17,0,0,1,3,0,14,1,0,0,0,0,0,0,0,2,3.5,3.454822399946607,0,1
bank.8.8.8.8,12,1,12,0,0,4,4,4,4,1,1,0,0,0,0,0,0,1,4.0,2.251629167387823,1,1
http://hacked.cf,16,6,0,0,0,0,4,0,12,0,0,0,1,0,0,0,0,0,4.0,3.5,0,1
http://update.malware.com/file/abc123def456,43,7,18,0,0,1,7,6,30,1,0,0,0,0,0,0,0,2,4.285714285714286,4.431965045349459,0,1
http://virus.com/download/1234567890abcdef,42,5,26,0,0,0,6,10,26,0,0,0,0,0,0,0,0,2,5.2,4.832560875056692,0,1
8.8.8.8,7,7,7,0,0,0,3,4,0,0,1,0,0,0,0,0,0,1,0.0,0.9852281360342515,1,1
download.192.168.1.100,22,3,22,0,0,4,4,10,8,0,1,0,0,0,0,0,0,1,8.0,3.459431618637297,1,1
bank.bit.ly/malicious,21,3,21,0,0,1,3,0,18,1,0,1,0,0,0,0,0,2,4.5,3.784941827437642,0,1
bank.v.gd/malware,17,1,17,0,0,1,3,0,14,1,0,0,0,0,0,0,0,2,3.5,3.6901165175936654,0,1
http://download.hack.com/admin.php?id=1396,42,4,10,7,0,1,9,4,29,0,0,0,0,0,0,0,0,1,4.142857142857143,4.284476351041122,0,1
update.hacked.cf?id=4417,24,6,16,7,0,1,4,4,16,1,0,0,1,0,0,0,0,1,4.0,3.9701755214643453,0,1
http://verify.virus.com/install.bat,35,5,12,0,0,1,7,0,28,1,0,0,0,0,0,0,1,1,4.666666666666667,4.207435516759524,0,1
http://phishing.com/login.php?id=5278,37,8,10,7,0,0,8,4,25,1,0,0,0,0,0,0,0,1,4.166666666666667,4.162023973678587,0,1
virus.com?goto=malicious.com,28,5,9,18,0,0,4,0,24,0,0,0,0,0,0,0,0,1,4.8,3.6689869584530603,0,1
http://update.scam.ga?id=2851,29,4,0,7,0,1,7,4,18,1,0,0,1,0,0,0,0,0,3.6,4.254195650150781,0,1
http://is.gd/evil,17,2,5,0,0,0,5,0,12,0,0,0,0,0,0,0,0,1,3.0,3.572469458770136,0,1
http://secure.scam.ga?id=3181,29,4,0,7,0,1,7,4,18,1,0,0,1,0,0,0,0,0,3.6,4.306256857196538,0,1
download.file.com?id=1378,25,4,17,7,0,1,4,4,17,0,0,0,0,0,0,0,0,1,4.25,4.023465189601645,0,1
download.scam.com?link=dangerous.com,36,4,17,18,0,1,5,0,31,0,0,0,0,0,0,0,0,1,5.166666666666667,3.943842626791822,0,1
trojan.gq?id=3255,17,6,9,7,0,0,3,4,10,0,0,0,1,0,0,0,0,1,3.3333333333333335,3.969815782426811,0,1
http://scam.com?link=dangerous.com,34,4,0,18,0,0,7,0,27,0,0,0,0,0,0,0,0,0,4.5,4.314972767530033,0,1
download.file.com,17,4,17,0,0,1,2,0,15,0,0,0,0,0,0,0,0,1,5.0,3.454822399946607,0,1
http://bank.malware.tk?id=4187,30,7,0,7,0,1,7,4,19,1,0,0,1,0,0,0,0,0,3.8,4.389898095464288,0,1
update.trojan.com?url=phishing.com,34,6,17,16,0,1,5,0,29,1,0,0,0,0,0,0,0,1,4.833333333333333,4.219528282299548,0,1
virus.cf,8,5,8,0,0,0,1,0,7,0,0,0,1,0,0,0,0,1,3.5,3.0,0,1
secure.update.software.com,26,8,26,0,0,2,3,0,23,2,0,0,0,0,0,0,0,1,5.75,3.671405583442497,0,1
http://tinyurl.com/dangerous,28,7,10,0,0,0,5,0,23,0,0,1,0,0,0,0,0,1,5.75,4.182005814760214,0,1
hack.com/admin.php,18,4,18,0,0,0,3,0,15,0,0,0,0,0,0,0,0,2,3.75,3.5032583347756456,0,1
http://update.is.gd/evil?id=6307,32,2,5,7,0,1,8,4,20,1,0,0,0,0,0,0,0,1,3.3333333333333335,4.218139062229566,0,1
update.software.com,19,8,19,0,0,1,2,0,17,1,0,0,0,0,0,0,0,1,5.666666666666667,3.7216117239699003,0,1
bank.phishing.ml?id=9575,24,8,16,7,0,1,4,4,16,1,0,0,1,0,0,0,0,1,4.0,4.053508854797679,0,1
http://phishing.com/login.php,29,8,10,0,0,0,6,0,23,1,0,0,0,0,0,0,0,1,4.6,3.6335059949783677,0,1
http://download.is.gd/evil,26,2,5,0,0,1,6,0,20,0,0,0,0,0,0,0,0,1,4.0,3.9500637564362093,0,1
verify.trojan.com/install/a1b2c3d4e5f6?id=7761,46,6,38,7,0,1,6,10,30,1,0,0,0,0,0,0,0,3,2.727272727272727,4.7081320646586,0,1
http://download.trojan.com?url=phishing.com,43,6,0,16,0,1,8,0,35,0,0,0,0,0,0,0,0,0,5.0,4.295353348118593,0,1
update.malicious.tk?id=2893,27,9,19,7,0,1,4,4,19,1,0,0,1,0,0,0,0,1,4.75,4.208410187268527,0,1
http://verify.download.file.com,31,4,0,0,0,2,6,0,25,1,0,0,0,0,0,0,0,0,5.0,4.195816471537619,0,1
http://update.bit.ly/malicious,30,3,10,0,0,1,6,0,24,1,0,1,0,0,0,0,0,1,4.8,3.9898980954642873,0,1
verify.virus.com/install.bat,28,5,28,0,0,1,4,0,24,1,0,0,0,0,0,0,1,2,4.8,4.039148671903071,0,1
http://10.0.0.1,15,8,0,0,0,0,6,5,4,0,1,0,0,0,0,0,0,0,4.0,2.872905595320056,1,1
http://bank.malware.com/file/abc123def456?id=5060,49,7,18,7,0,1,9,10,30,1,0,0,0,0,0,0,0,2,3.75,4.701344793050648,0,1
trojan.com/run.cmd?id=8353,26,6,18,7,0,0,5,4,17,0,0,0,0,0,0,0,1,2,3.4,4.085055102756477,0,1
secure.malware.com/file/abc123def456,36,7,36,0,0,1,4,6,26,1,0,0,0,0,0,0,0,3,4.333333333333333,4.249941238143318,0,1
http://login.login.bank-secure.com,34,11,0,0,0,2,7,0,27,3,0,0,0,0,0,0,0,0,4.5,4.256149238118269,0,1
http://tinyurl.com/dangerous,28,7,10,0,0,0,5,0,23,0,0,1,0,0,0,0,0,1,5.75,4.182005814760214,0,1
http://bank.172.16.0.1?id=3582,30,1,0,7,0,4,9,11,10,1,1,0,0,0,0,0,0,0,3.3333333333333335,4.2817276788697365,1,1
malware.com/file/abc123def456?id=5992,37,7,29,7,0,0,5,10,22,0,0,0,0,0,0,0,0,3,3.6666666666666665,4.41189187902552,0,1
http://download.dangerous.ml,28,9,0,0,0,1,5,0,23,0,0,0,1,0,0,0,0,0,5.75,4.039148671903071,0,1
http://8.8.8.8,14,7,0,0,0,0,6,4,4,0,1,0,0,0,0,0,0,0,4.0,2.610577243331642,1,1
login.bank-secure.com,21,11,21,0,0,1,3,0,18,3,0,0,0,0,0,0,0,1,4.5,3.9161269465882835,0,1
http://secure.trojan.gq?id=2902,31,6,0,7,0,1,7,4,20,1,0,0,1,0,0,0,0,0,4.0,4.478232197413861,0,1
malicious.tk,12,9,12,0,0,0,1,0,11,0,0,0,1,0,0,0,0,1,5.5,3.418295834054489,0,1
http://download.scam.com?link=dangerous.com?id=6568,51,4,0,26,0,1,10,4,37,0,0,0,0,0,0,0,0,0,4.625,4.50803165598612,0,1
http://update.192.168.1.100,27,3,0,0,0,4,7,10,10,1,1,0,0,0,0,0,0,0,5.0,3.763965742824081,1,1
trojan.com/run.cmd,18,6,18,0,0,0,3,0,15,0,0,0,0,0,0,0,1,2,3.75,3.503258334775645,0,1
scam.com/verify.html,20,4,20,0,0,0,3,0,17,1,0,0,0,0,0,0,0,2,4.25,3.884183719779189,0,1
http://secure.trojan.com/run.cmd,32,6,8,0,0,1,7,0,25,1,0,0,0,0,0,0,1,1,4.166666666666667,3.944548827786958,0,1
verify.secure.banking.com,25,7,25,0,0,2,3,0,22,3,0,0,0,0,0,0,0,1,5.5,3.9434651896016457,0,1
malware.com/file/abc123def456,29,7,29,0,0,0,3,6,20,0,0,0,0,0,0,0,0,3,4.0,4.185230132909402,0,1
bank.verify.account-update.com,30,14,30,0,0,2,4,0,26,4,0,0,0,0,0,0,0,1,5.2,4.098068512058838,0,1
login.192.168.1.100,19,3,19,0,0,4,4,10,5,1,1,0,0,0,0,0,0,1,5.0,3.300559092390953,1,1
download.scam.ga?id=6587,24,4,16,7,0,1,4,4,16,0,0,0,1,0,0,0,0,1,4.0,4.0220552088742005,0,1
http://virus.com?goto=malicious.com,35,5,0,18,0,0,7,0,28,0,0,0,0,0,0,0,0,0,4.666666666666667,4.025591860285232,0,1
secure.trojan.gq,16,6,16,0,0,1,2,0,14,1,0,0,1,0,0,0,0,1,4.666666666666667,3.625,0,1
trojan.com/install/a1b2c3d4e5f6,31,6,31,0,0,0,3,6,22,0,0,0,0,0,0,0,0,3,2.4444444444444446,4.413716068381603,0,1
virus.com/download/1234567890abcdef?id=5038,43,5,35,7,0,0,5,14,24,0,0,0,0,0,0,0,0,3,4.8,4.757546440698296,0,1
http://login-bank-secure.com/verify,35,17,7,0,0,0,7,0,28,4,0,0,0,0,0,0,0,1,4.666666666666667,4.4575751596784805,0,1
https://account-update-microsoft.com/login,42,24,6,0,0,0,7,0,35,3,0,0,0,0,1,0,0,1,5.833333333333333,4.154837221563591,0,1
http://secure-paypal-verify.com/account,39,20,8,0,0,0,7,0,32,3,0,0,0,0,0,0,0,1,5.333333333333333,4.214262795507958,0,1
https://amazon-secure-login.com/verify,38,19,7,0,0,0,7,0,31,3,0,0,0,0,1,0,0,1,5.166666666666667,4.398857447483311,0,1
http://download-software-update.com/install.exe,47,24,12,0,0,0,8,0,39,1,0,0,0,0,0,0,1,1,5.571428571428571,4.238114320168548,0,1
https://system-update-required.com/download.bat,47,22,13,0,0,0,8,0,39,1,0,0,0,0,1,0,1,1,5.571428571428571,4.307159266931027,0,1
http://security-patch-urgent.com/update.cmd,43,21,11,0,0,0,8,0,35,1,0,0,0,0,0,0,1,1,5.0,4.111629289283939,0,1
https://driver-update-required.com/install.scr,46,22,12,0,0,0,8,0,38,1,0,0,0,0,1,0,1,1,5.428571428571429,4.205536075989824,0,1
https://bit.ly/2xK9mN3,22,3,8,0,0,0,5,3,14,0,0,1,0,0,1,0,0,1,2.8,4.027169118440616,0,1
http://goo.gl/abc123,20,3,7,0,0,0,5,3,12,0,0,1,0,0,0,0,0,1,3.0,3.7841837197791888,0,1
https://tinyurl.com/suspicious-link,35,7,16,0,0,0,6,0,29,0,0,1,0,0,1,0,0,1,5.8,3.9788640881880966,0,1
http://is.gd/malicious-redirect,31,2,19,0,0,0,6,0,25,0,0,0,0,0,0,0,0,1,5.0,4.0667842134731025,0,1
http://192.168.1.100/admin,26,13,6,0,0,0,7,10,9,0,1,0,0,0,0,0,0,1,4.5,3.8731406795131322,1,1
https://10.0.0.1/login,22,8,6,0,0,0,7,5,10,1,1,0,0,0,1,0,0,1,5.0,3.629219686524096,1,1
http://172.16.0.1/verify,24,10,7,0,0,0,7,7,10,1,1,0,0,0,0,0,0,1,5.0,3.9072682296173897,1,1
https://8.8.8.8/secure,22,7,7,0,0,0,7,4,11,1,1,0,0,0,1,0,0,1,5.5,3.3908054820769817,1,1
http://malware-detection.tk/scan,32,17,5,0,0,0,6,0,26,0,0,0,1,0,0,0,0,1,5.2,4.066428031846025,0,1
https://virus-removal.ml/clean,30,13,6,0,0,0,6,0,24,0,0,0,1,0,1,0,0,1,4.8,4.12323142879762,0,1
http://trojan-removal.ga/remove,31,14,7,0,0,0,6,0,25,0,0,0,1,0,0,0,0,1,5.0,3.9048632454520096,0,1
https://phishing-protection.cf/check,36,19,6,0,0,0,6,0,30,0,0,0,1,0,1,0,0,1,6.0,3.8847954873731334,0,1
http://malware.com/file/a1b2c3d4e5f6,36,7,18,0,0,0,6,6,24,0,0,0,0,0,0,0,0,2,2.4,4.405764584655452,0,1
https://virus.com/download/1234567890abcdef,43,5,26,0,0,0,6,10,27,0,0,0,0,0,1,0,0,2,5.4,4.833014173206122,0,1
http://trojan.com/install/abcdef1234567890,42,6,25,0,0,0,6,10,26,0,0,0,0,0,0,0,0,2,5.2,4.707677244155821,0,1
http://legitimate-site.com/redirect?url=malware.com,51,15,9,15,0,0,9,0,42,0,0,0,0,0,0,0,0,1,5.25,4.14224691025958,0,1
https://safe-website.com/goto?link=phishing.com,47,12,5,17,0,0,9,0,38,0,0,0,0,0,1,0,0,1,4.75,4.314915181326778,0,1
http://trusted-site.com/forward?to=scam.com,43,12,8,11,0,0,9,0,34,0,0,0,0,0,0,0,0,1,4.25,4.1405853938847885,0,1
